,Name,Market_cap,price,circulating_supply,symbol,Date
0,Bitcoin,385208305831.57,20127.14,"19,138,750",BTC,01 September 2022
1,Ethereum,193834454491.69,1586.18,"122,202,301",ETH,01 September 2022
2,Tether,67551112128.6,1.0,"67,550,404,113",USDT,01 September 2022
3,USD Coin,52026303625.37,1.0,"52,027,528,034",USDC,01 September 2022
4,BNB,44919072541.51,278.42,"161,337,261",BNB,01 September 2022
5,Binance USD,19427080928.18,1.0,"19,418,545,041",BUSD,01 September 2022
6,XRP,16541923560.0,0.3332,"49,646,492,379",XRP,01 September 2022
7,Cardano,15637621559.45,0.4575,"34,182,049,158",ADA,01 September 2022
8,Solana,11045834220.47,31.59,"349,710,214",SOL,01 September 2022
9,Dogecoin,8274909579.98,0.06237,"132,670,764,300",DOGE,01 September 2022
10,Polkadot,7996006410.07,7.19,"1,112,615,133",DOT,01 September 2022
11,Polygon,7687418965.27,0.8854,"8,682,124,704",MATIC,01 September 2022
12,Dai,6977131560.61,0.9998,"6,978,409,005",DAI,01 September 2022
13,Shiba Inu,6753252613.13,1.23e-05,"549,063,278,876,302",SHIB,01 September 2022
14,TRON,5843181764.28,0.06325,"92,381,881,287",TRX,01 September 2022
15,Avalanche,5685198261.06,19.31,"294,466,850",AVAX,01 September 2022
16,UNUS SED LEO,5296429228.34,5.55,"953,954,130",LEO,01 September 2022
17,Wrapped Bitcoin,4980840777.4,20103.48,"247,760",WBTC,01 September 2022
18,Uniswap,4712600948.37,6.32,"745,647,568",UNI,01 September 2022
19,Ethereum Classic,4497661698.41,32.91,"136,646,418",ETC,01 September 2022
20,Bitcoin,382212933183.84,19969.77,"19,139,575",BTC,02 September 2022
21,Ethereum,192760741605.52,1577.22,"122,215,467",ETH,02 September 2022
22,Tether,67556398533.4,1.0,"67,550,404,113",USDT,02 September 2022
23,USD Coin,51758902179.34,1.0,"51,753,684,615",USDC,02 September 2022
24,BNB,44757554222.55,277.42,"161,337,261",BNB,02 September 2022
25,Binance USD,19560016508.94,1.0,"19,555,493,326",BUSD,02 September 2022
26,XRP,16445851060.42,0.3313,"49,646,492,379",XRP,02 September 2022
27,Cardano,15537756338.82,0.4546,"34,182,044,153",ADA,02 September 2022
28,Solana,10920704686.95,31.23,"349,709,512",SOL,02 September 2022
29,Dogecoin,8177162497.1,0.06164,"132,670,764,300",DOGE,02 September 2022
30,Polkadot,8126875221.64,7.3,"1,112,957,784",DOT,02 September 2022
31,Polygon,7570538165.35,0.872,"8,682,124,704",MATIC,02 September 2022
32,Dai,7005646499.26,1.0,"7,004,309,613",DAI,02 September 2022
33,Shiba Inu,6684012898.39,1.217e-05,"549,063,278,876,302",SHIB,02 September 2022
34,TRON,5782379045.35,0.06259,"92,380,266,123",TRX,02 September 2022
35,Avalanche,5553867196.45,18.86,"294,468,787",AVAX,02 September 2022
36,UNUS SED LEO,5149120144.89,5.4,"953,954,130",LEO,02 September 2022
37,Wrapped Bitcoin,4951629315.7,19961.45,"248,060",WBTC,02 September 2022
38,Uniswap,4772217189.41,6.4,"745,490,313",UNI,02 September 2022
39,Ethereum Classic,4437224922.77,32.47,"136,663,869",ETC,02 September 2022
40,Bitcoin,379595440556.6,19832.09,"19,140,468",BTC,03 September 2022
41,Ethereum,190294120192.45,1556.87,"122,228,445",ETH,03 September 2022
42,Tether,67555369461.95,1.0,"67,550,404,113",USDT,03 September 2022
43,USD Coin,51862761777.23,1.0,"51,856,213,560",USDC,03 September 2022
44,BNB,44815551874.48,277.78,"161,337,261",BNB,03 September 2022
45,Binance USD,19556247185.4,1.0,"19,555,493,326",BUSD,03 September 2022
46,Cardano,16420612567.82,0.4804,"34,182,044,153",ADA,03 September 2022
47,XRP,16381795218.55,0.33,"49,646,492,379",XRP,03 September 2022
48,Solana,10879255849.52,31.11,"349,708,669",SOL,03 September 2022
49,Dogecoin,8317606742.02,0.06269,"132,670,764,300",DOGE,03 September 2022
50,Polkadot,8110459660.98,7.29,"1,113,283,427",DOT,03 September 2022
51,Polygon,7720796320.95,0.8893,"8,682,124,704",MATIC,03 September 2022
52,Dai,7005005693.28,1.0,"7,003,405,093",DAI,03 September 2022
53,Shiba Inu,6757780215.98,1.231e-05,"549,063,278,876,302",SHIB,03 September 2022
54,TRON,5830217140.93,0.06311,"92,379,357,383",TRX,03 September 2022
55,Avalanche,5558436753.5,18.88,"294,485,404",AVAX,03 September 2022
56,UNUS SED LEO,4940728187.91,5.18,"953,954,130",LEO,03 September 2022
57,Wrapped Bitcoin,4915214465.61,19814.65,"248,060",WBTC,03 September 2022
58,Uniswap,4701499427.0,6.3,"745,861,024",UNI,03 September 2022
59,Ethereum Classic,4408257266.51,32.25,"136,680,972",ETC,03 September 2022
60,Bitcoin,382576542382.12,19986.71,"19,141,543",BTC,04 September 2022
61,Ethereum,192853381586.06,1577.64,"122,241,565",ETH,04 September 2022
62,Tether,67554552922.52,1.0,"67,550,404,104",USDT,04 September 2022
63,USD Coin,51881772221.08,1.0,"51,876,228,265",USDC,04 September 2022
64,BNB,44987580579.29,278.84,"161,337,261",BNB,04 September 2022
65,Binance USD,19438038369.83,1.0,"19,433,224,173",BUSD,04 September 2022
66,Cardano,17196438526.17,0.5031,"34,182,044,153",ADA,04 September 2022
67,XRP,16472643158.02,0.3318,"49,646,492,379",XRP,04 September 2022
68,Solana,11232288701.59,32.11,"349,839,720",SOL,04 September 2022
69,Dogecoin,8388285911.62,0.06323,"132,670,764,300",DOGE,04 September 2022
70,Polkadot,8207842547.61,7.37,"1,113,617,437",DOT,04 September 2022
71,Polygon,7763819651.46,0.8942,"8,682,124,704",MATIC,04 September 2022
72,Shiba Inu,7043373460.54,1.283e-05,"549,063,278,876,302",SHIB,04 September 2022
73,Dai,6907059654.28,1.0,"6,905,195,194",DAI,04 September 2022
74,TRON,5867913136.97,0.06352,"92,379,037,267",TRX,04 September 2022
75,Avalanche,5596931299.35,19.01,"294,497,822",AVAX,04 September 2022
76,UNUS SED LEO,5016924079.11,5.26,"953,954,130",LEO,04 September 2022
77,Wrapped Bitcoin,4951539645.15,19961.09,"248,060",WBTC,04 September 2022
78,Uniswap,4825206870.83,6.47,"745,861,824",UNI,04 September 2022
79,Ethereum Classic,4436260430.43,32.45,"136,698,172",ETC,04 September 2022
80,Bitcoin,379258182345.45,19812.37,"19,142,493",BTC,05 September 2022
81,Ethereum,197707916935.91,1617.18,"122,254,498",ETH,05 September 2022
82,Tether,67552969301.48,1.0,"67,550,404,104",USDT,05 September 2022
83,USD Coin,51856082836.61,0.9999,"51,862,214,292",USDC,05 September 2022
84,BNB,44639749525.85,276.69,"161,337,261",BNB,05 September 2022
85,Binance USD,19434274304.12,1.0,"19,433,224,173",BUSD,05 September 2022
86,Cardano,17060980151.83,0.4991,"34,182,044,153",ADA,05 September 2022
87,XRP,16530280699.5,0.333,"49,646,492,379",XRP,05 September 2022
88,Solana,11262941461.85,32.19,"349,838,912",SOL,05 September 2022
89,Dogecoin,8323436798.78,0.06274,"132,670,764,300",DOGE,05 September 2022
90,Polkadot,8203561239.14,7.36,"1,113,974,431",DOT,05 September 2022
91,Polygon,7698701432.35,0.8814,"8,734,317,475",MATIC,05 September 2022
92,Shiba Inu,6920911551.45,1.26e-05,"549,063,278,876,302",SHIB,05 September 2022
93,Dai,6905291278.35,1.0,"6,904,017,714",DAI,05 September 2022
94,TRON,5815657736.55,0.06296,"92,377,446,492",TRX,05 September 2022
95,Avalanche,5721389289.48,19.43,"294,514,218",AVAX,05 September 2022
96,Ethereum Classic,5401113795.1,39.51,"136,714,595",ETC,05 September 2022
97,Wrapped Bitcoin,4915917317.44,19817.48,"248,060",WBTC,05 September 2022
98,Uniswap,4915107046.82,6.59,"745,863,424",UNI,05 September 2022
99,UNUS SED LEO,4842937206.52,5.08,"953,954,130",LEO,05 September 2022
100,Bitcoin,360616650169.39,18837.67,"19,143,381",BTC,06 September 2022
101,Ethereum,190949580969.12,1561.75,"122,266,532",ETH,06 September 2022
102,Tether,67549022274.08,1.0,"67,545,704,104",USDT,06 September 2022
103,USD Coin,51591236187.12,0.9999,"51,597,523,288",USDC,06 September 2022
104,BNB,42378199797.19,262.67,"161,337,261",BNB,06 September 2022
105,Binance USD,19729201579.5,1.0,"19,729,690,910",BUSD,06 September 2022
106,XRP,15996480398.32,0.3222,"49,646,492,379",XRP,06 September 2022
107,Cardano,15828529693.52,0.4631,"34,182,044,153",ADA,06 September 2022
108,Solana,10811183863.52,30.89,"349,970,016",SOL,06 September 2022
109,Dogecoin,7825361372.58,0.05898,"132,670,764,300",DOGE,06 September 2022
110,Polkadot,7676259735.09,6.88,"1,115,894,246",DOT,06 September 2022
111,Polygon,7152330046.66,0.8189,"8,734,317,475",MATIC,06 September 2022
112,Dai,6861813679.28,0.9986,"6,871,703,908",DAI,06 September 2022
113,Shiba Inu,6592194985.09,1.201e-05,"549,063,278,876,302",SHIB,06 September 2022
114,TRON,5613123792.23,0.06076,"92,374,922,715",TRX,06 September 2022
115,Avalanche,5369579341.8,18.22,"294,710,284",AVAX,06 September 2022
116,UNUS SED LEO,4904619199.9,5.14,"953,954,130",LEO,06 September 2022
117,Ethereum Classic,4733225678.46,34.62,"136,733,840",ETC,06 September 2022
118,Wrapped Bitcoin,4684581796.32,18854.55,"248,459",WBTC,06 September 2022
119,Uniswap,4362016413.33,5.85,"745,888,480",UNI,06 September 2022
120,Bitcoin,369299496559.03,19290.32,"19,144,287",BTC,07 September 2022
121,Ethereum,199305881389.88,1629.91,"122,280,570",ETH,07 September 2022
122,Tether,67553051342.8,1.0,"67,545,704,103",USDT,07 September 2022
123,USD Coin,51689106056.97,1.0,"51,689,470,351",USDC,07 September 2022
124,BNB,44974585825.42,278.76,"161,337,261",BNB,07 September 2022
125,Binance USD,19710977950.0,1.0,"19,706,930,458",BUSD,07 September 2022
126,XRP,16749087225.86,0.3374,"49,646,492,379",XRP,07 September 2022
127,Cardano,16382850423.84,0.4793,"34,182,044,153",ADA,07 September 2022
128,Solana,11546558098.3,32.71,"352,987,878",SOL,07 September 2022
129,Dogecoin,8106725009.2,0.0611,"132,670,764,300",DOGE,07 September 2022
130,Polkadot,8023576489.07,7.2,"1,114,619,895",DOT,07 September 2022
131,Polygon,7344212740.89,0.8408,"8,734,317,475",MATIC,07 September 2022
132,Dai,6849802213.58,1.0,"6,847,801,265",DAI,07 September 2022
133,Shiba Inu,6731341097.41,1.226e-05,"549,063,278,876,302",SHIB,07 September 2022
134,TRON,5710415758.78,0.06182,"92,373,491,386",TRX,07 September 2022
135,Avalanche,5610716449.79,19.03,"294,792,371",AVAX,07 September 2022
136,Ethereum Classic,5095296245.76,37.26,"136,750,199",ETC,07 September 2022
137,UNUS SED LEO,4895194954.74,5.13,"953,954,130",LEO,07 September 2022
138,Wrapped Bitcoin,4789568024.64,19277.1,"248,459",WBTC,07 September 2022
139,Uniswap,4566693143.9,6.12,"745,890,489",UNI,07 September 2022
140,Bitcoin,370071738762.95,19329.83,"19,145,106",BTC,08 September 2022
141,Ethereum,199992630006.37,1635.35,"122,293,648",ETH,08 September 2022
142,Tether,67552613240.04,1.0,"67,545,704,103",USDT,08 September 2022
143,USD Coin,51678540040.6,0.9999,"51,682,969,548",USDC,08 September 2022
144,BNB,45267601400.06,280.58,"161,337,261",BNB,08 September 2022
145,Binance USD,19912266463.02,0.9999,"19,914,503,967",BUSD,08 September 2022
146,XRP,16891985461.13,0.3402,"49,646,492,379",XRP,08 September 2022
147,Cardano,16382573043.44,0.4793,"34,182,044,153",ADA,08 September 2022
148,Solana,11863418423.12,33.61,"352,987,105",SOL,08 September 2022
149,Polkadot,8240338192.98,7.39,"1,115,001,503",DOT,08 September 2022
150,Dogecoin,8089886556.69,0.06098,"132,670,764,300",DOGE,08 September 2022
151,Polygon,7373628308.2,0.8442,"8,734,317,475",MATIC,08 September 2022
152,Dai,6874987463.92,1.0,"6,874,276,416",DAI,08 September 2022
153,Shiba Inu,6708969181.83,1.222e-05,"549,063,278,876,302",SHIB,08 September 2022
154,Avalanche,5647757971.5,19.12,"295,331,435",AVAX,08 September 2022
155,TRON,5655737659.03,0.06123,"92,372,082,662",TRX,08 September 2022
156,Ethereum Classic,5075416916.52,37.11,"136,768,195",ETC,08 September 2022
157,Wrapped Bitcoin,4808185301.85,19320.97,"248,858",WBTC,08 September 2022
158,UNUS SED LEO,4763449319.3,4.99,"953,954,130",LEO,08 September 2022
159,Uniswap,4603683564.52,6.17,"745,892,089",UNI,08 September 2022
160,Bitcoin,409363809141.15,21381.15,"19,146,012",BTC,09 September 2022
161,Ethereum,210255158289.95,1719.09,"122,306,403",ETH,09 September 2022
162,Tether,67562079308.59,1.0,"67,546,203,603",USDT,09 September 2022
163,USD Coin,51724537122.63,0.9999,"51,727,381,074",USDC,09 September 2022
164,BNB,47337502118.32,293.41,"161,337,261",BNB,09 September 2022
165,Binance USD,20002477850.49,1.0,"20,003,342,405",BUSD,09 September 2022
166,XRP,17813656402.91,0.3575,"49,826,021,773",XRP,09 September 2022
167,Cardano,17190844173.37,0.5029,"34,182,044,153",ADA,09 September 2022
168,Solana,12267250689.14,34.74,"353,118,417",SOL,09 September 2022
169,Polkadot,8667120374.29,7.77,"1,115,335,361",DOT,09 September 2022
170,Dogecoin,8493374187.57,0.06402,"132,670,764,300",DOGE,09 September 2022
171,Polygon,7786715361.1,0.8915,"8,734,317,475",MATIC,09 September 2022
172,Shiba Inu,7108878784.18,1.295e-05,"549,063,278,876,302",SHIB,09 September 2022
173,Dai,6874878324.9,1.0,"6,874,966,326",DAI,09 September 2022
174,Avalanche,6029690458.73,20.4,"295,561,751",AVAX,09 September 2022
175,TRON,5857761226.96,0.06342,"92,370,742,718",TRX,09 September 2022
176,Ethereum Classic,5366935523.78,39.24,"136,784,587",ETC,09 September 2022
177,Wrapped Bitcoin,5317482536.38,21367.51,"248,858",WBTC,09 September 2022
178,Uniswap,4853929447.56,6.51,"745,894,490",UNI,09 September 2022
179,UNUS SED LEO,4745385864.5,4.97,"953,954,130",LEO,09 September 2022
180,Bitcoin,415117548315.38,21680.54,"19,147,012",BTC,10 September 2022
181,Ethereum,217263495408.34,1776.2,"122,319,016",ETH,10 September 2022
182,Tether,67565211592.99,1.0,"67,546,203,603",USDT,10 September 2022
183,USD Coin,51677959746.59,0.9999,"51,685,055,610",USDC,10 September 2022
184,BNB,47912171545.45,296.97,"161,337,261",BNB,10 September 2022
185,Binance USD,20002899535.42,1.0,"20,003,342,405",BUSD,10 September 2022
186,XRP,17821814164.15,0.3577,"49,826,021,773",XRP,10 September 2022
187,Cardano,17515633783.21,0.5124,"34,182,044,153",ADA,10 September 2022
188,Solana,12403867342.36,35.13,"353,117,653",SOL,10 September 2022
189,Polkadot,8686313870.88,7.79,"1,115,671,938",DOT,10 September 2022
190,Dogecoin,8593943121.82,0.06478,"132,670,764,300",DOGE,10 September 2022
191,Polygon,7915008936.15,0.9062,"8,734,317,475",MATIC,10 September 2022
192,Shiba Inu,7297974098.35,1.329e-05,"549,063,278,876,302",SHIB,10 September 2022
193,Dai,6898785652.65,0.9997,"6,900,746,288",DAI,10 September 2022
194,Avalanche,6060267411.15,20.5,"295,658,830",AVAX,10 September 2022
195,TRON,5973489784.56,0.06467,"92,370,674,891",TRX,10 September 2022
196,Wrapped Bitcoin,5396104105.08,21683.44,"248,858",WBTC,10 September 2022
197,Ethereum Classic,5383459094.84,39.35,"136,801,595",ETC,10 September 2022
198,Uniswap,4979530466.64,6.68,"745,895,690",UNI,10 September 2022
199,UNUS SED LEO,4758141295.7,4.99,"953,954,130",LEO,10 September 2022
200,Bitcoin,416840289162.08,21769.26,"19,148,118",BTC,11 September 2022
201,Ethereum,215523920726.08,1761.8,"122,331,659",ETH,11 September 2022
202,Tether,67670904333.26,1.0,"67,652,203,603",USDT,11 September 2022
203,USD Coin,51601695543.86,1.0,"51,604,205,337",USDC,11 September 2022
204,BNB,47620609271.56,295.16,"161,337,261",BNB,11 September 2022
205,Binance USD,20000545579.16,0.9999,"20,003,342,405",BUSD,11 September 2022
206,XRP,17694152749.41,0.3551,"49,826,021,773",XRP,11 September 2022
207,Cardano,17424373509.96,0.5098,"34,182,044,153",ADA,11 September 2022
208,Solana,12352902118.71,34.97,"353,283,628",SOL,11 September 2022
209,Polkadot,8591192714.54,7.7,"1,116,007,262",DOT,11 September 2022
210,Dogecoin,8452981187.22,0.06371,"132,670,764,300",DOGE,11 September 2022
211,Polygon,7813837574.46,0.8946,"8,734,317,475",MATIC,11 September 2022
212,Shiba Inu,7139366303.56,1.3e-05,"549,063,278,876,302",SHIB,11 September 2022
213,Dai,6905721201.05,1.0,"6,904,361,909",DAI,11 September 2022
214,Avalanche,6108060998.97,20.66,"295,663,081",AVAX,11 September 2022
215,TRON,5920754258.74,0.0641,"92,370,658,148",TRX,11 September 2022
216,Wrapped Bitcoin,5408505484.18,21733.27,"248,858",WBTC,11 September 2022
217,Ethereum Classic,5266558381.13,38.49,"136,818,647",ETC,11 September 2022
218,Uniswap,4843933320.19,6.49,"745,895,690",UNI,11 September 2022
219,UNUS SED LEO,4828057845.41,5.06,"953,954,130",LEO,11 September 2022
220,Bitcoin,428373958242.41,22370.45,"19,149,100",BTC,12 September 2022
221,Ethereum,209669571067.84,1713.77,"122,344,397",ETH,12 September 2022
222,Tether,67737997534.69,1.0,"67,724,203,603",USDT,12 September 2022
223,USD Coin,51430360844.23,1.0,"51,429,795,382",USDC,12 September 2022
224,BNB,47378094637.03,293.66,"161,337,261",BNB,12 September 2022
225,Binance USD,20128971377.69,1.0,"20,124,060,214",BUSD,12 September 2022
226,XRP,17909722399.36,0.3594,"49,826,021,773",XRP,12 September 2022
227,Cardano,17143865605.36,0.5015,"34,182,044,153",ADA,12 September 2022
228,Solana,13226280441.43,37.42,"353,415,346",SOL,12 September 2022
229,Polkadot,8554082166.38,7.66,"1,116,451,944",DOT,12 September 2022
230,Dogecoin,8478271266.07,0.0639,"132,670,764,300",DOGE,12 September 2022
231,Polygon,8123022607.11,0.93,"8,734,317,475",MATIC,12 September 2022
232,Shiba Inu,7070122699.38,1.288e-05,"549,063,278,876,302",SHIB,12 September 2022
233,Dai,6890204218.97,0.9998,"6,891,863,452",DAI,12 September 2022
234,Avalanche,6312006912.35,21.35,"295,669,149",AVAX,12 September 2022
235,TRON,5895284486.81,0.06382,"92,369,090,508",TRX,12 September 2022
236,Wrapped Bitcoin,5556837267.62,22329.32,"248,858",WBTC,12 September 2022
237,Ethereum Classic,5251233213.6,38.37,"136,841,881",ETC,12 September 2022
238,Uniswap,5068761412.73,6.65,"762,167,781",UNI,12 September 2022
239,UNUS SED LEO,4805007373.68,5.04,"953,954,130",LEO,12 September 2022
240,Bitcoin,386523635968.98,20184.02,"19,149,981",BTC,13 September 2022
241,Ethereum,192686686469.48,1574.79,"122,357,095",ETH,13 September 2022
242,Tether,67821212699.39,1.0,"67,818,333,473",USDT,13 September 2022
243,USD Coin,51460580886.74,0.9999,"51,464,014,364",USDC,13 September 2022
244,BNB,44756567834.66,277.41,"161,337,261",BNB,13 September 2022
245,Binance USD,20204266513.83,1.0,"20,204,066,515",BUSD,13 September 2022
246,XRP,16589539786.16,0.3329,"49,826,021,773",XRP,13 September 2022
247,Cardano,15858074403.11,0.4639,"34,182,044,153",ADA,13 September 2022
248,Solana,11668423230.22,33.02,"353,414,588",SOL,13 September 2022
249,Dogecoin,7922139697.5,0.05971,"132,670,764,300",DOGE,13 September 2022
250,Polkadot,7902210221.76,7.08,"1,116,795,156",DOT,13 September 2022
251,Polygon,7390604119.82,0.8462,"8,734,317,475",MATIC,13 September 2022
252,Dai,6843362610.73,0.9984,"6,854,139,608",DAI,13 September 2022
253,Shiba Inu,6642722740.22,1.21e-05,"549,063,278,876,302",SHIB,13 September 2022
254,TRON,5609056148.33,0.06073,"92,367,620,375",TRX,13 September 2022
255,Avalanche,5583876691.98,18.89,"295,674,793",AVAX,13 September 2022
256,Wrapped Bitcoin,5016659005.54,20158.7,"248,858",WBTC,13 September 2022
257,Ethereum Classic,4836475282.03,35.34,"136,858,942",ETC,13 September 2022
258,UNUS SED LEO,4723609934.76,4.95,"953,954,130",LEO,13 September 2022
259,Uniswap,4606328777.29,6.04,"762,168,186",UNI,13 September 2022
260,Bitcoin,387631908834.78,20241.09,"19,150,743",BTC,14 September 2022
261,Ethereum,200044200373.75,1634.76,"122,369,526",ETH,14 September 2022
262,Tether,67892953530.34,1.0,"67,883,333,474",USDT,14 September 2022
263,USD Coin,50834222718.81,1.0,"50,832,213,738",USDC,14 September 2022
264,BNB,45075350228.14,279.39,"161,337,261",BNB,14 September 2022
265,Binance USD,20515117482.52,0.9999,"20,517,253,085",BUSD,14 September 2022
266,XRP,17044594426.56,0.3421,"49,826,021,773",XRP,14 September 2022
267,Cardano,16454422063.67,0.4814,"34,182,044,153",ADA,14 September 2022
268,Solana,12062868030.94,34.09,"353,837,270",SOL,14 September 2022
269,Dogecoin,8115822873.22,0.06117,"132,670,764,300",DOGE,14 September 2022
270,Polkadot,8046879731.73,7.2,"1,117,131,532",DOT,14 September 2022
271,Polygon,7553344650.3,0.8648,"8,734,317,475",MATIC,14 September 2022
272,Dai,6833988190.78,1.0,"6,833,191,732",DAI,14 September 2022
273,Shiba Inu,6696948367.06,1.22e-05,"549,063,278,876,302",SHIB,14 September 2022
274,TRON,5690535593.57,0.06161,"92,366,311,948",TRX,14 September 2022
275,Avalanche,5653859992.02,19.12,"295,692,224",AVAX,14 September 2022
276,Ethereum Classic,5382770480.61,39.33,"136,876,164",ETC,14 September 2022
277,Wrapped Bitcoin,5050167740.03,20252.7,"249,358",WBTC,14 September 2022
278,Uniswap,4716715254.1,6.19,"762,208,927",UNI,14 September 2022
279,UNUS SED LEO,4636958476.27,4.86,"953,954,130",LEO,14 September 2022
280,Bitcoin,377311288517.09,19701.21,"19,151,681",BTC,15 September 2022
281,Ethereum,180110291827.77,1471.69,"122,383,023",ETH,15 September 2022
282,Tether,67883668012.0,1.0,"67,883,438,459",USDT,15 September 2022
283,USD Coin,50365831402.49,1.0,"50,357,684,017",USDC,15 September 2022
284,BNB,43691241396.3,270.81,"161,337,261",BNB,15 September 2022
285,Binance USD,20519869893.23,1.0,"20,517,253,085",BUSD,15 September 2022
286,XRP,16259959472.55,0.3263,"49,826,021,773",XRP,15 September 2022
287,Cardano,15916654286.39,0.4656,"34,182,044,153",ADA,15 September 2022
288,Solana,11698209082.79,33.05,"353,979,714",SOL,15 September 2022
289,Dogecoin,7799886203.11,0.05879,"132,670,764,300",DOGE,15 September 2022
290,Polkadot,7740081393.08,6.93,"1,117,451,130",DOT,15 September 2022
291,Polygon,7199690329.07,0.8243,"8,734,317,475",MATIC,15 September 2022
292,Dai,6831512259.31,0.9997,"6,833,601,121",DAI,15 September 2022
293,Shiba Inu,6424992401.52,1.17e-05,"549,063,278,876,302",SHIB,15 September 2022
294,TRON,5657626325.33,0.06125,"92,364,838,019",TRX,15 September 2022
295,Avalanche,5377747289.52,18.19,"295,706,598",AVAX,15 September 2022
296,Wrapped Bitcoin,4912436289.95,19700.36,"249,358",WBTC,15 September 2022
297,Ethereum Classic,4872882956.0,35.59,"136,899,978",ETC,15 September 2022
298,UNUS SED LEO,4658766509.58,4.88,"953,954,130",LEO,15 September 2022
299,Uniswap,4483783771.59,5.88,"762,209,327",UNI,15 September 2022
300,Bitcoin,378693173324.33,19772.58,"19,152,437",BTC,16 September 2022
301,Ethereum,175325880262.72,1432.45,"122,396,005",ETH,16 September 2022
302,Tether,67922151759.85,1.0,"67,923,438,459",USDT,16 September 2022
303,USD Coin,50237341232.62,1.0,"50,231,397,630",USDC,16 September 2022
304,BNB,44312018097.58,274.65,"161,337,261",BNB,16 September 2022
305,Binance USD,20525097933.48,1.0,"20,517,253,085",BUSD,16 September 2022
306,XRP,17772325398.84,0.3567,"49,826,021,773",XRP,16 September 2022
307,Cardano,16206589909.19,0.4741,"34,182,044,153",ADA,16 September 2022
308,Solana,11401260515.46,32.21,"353,979,043",SOL,16 September 2022
309,Dogecoin,8016372777.33,0.06042,"132,670,764,300",DOGE,16 September 2022
310,Polkadot,7708941429.48,6.9,"1,117,749,330",DOT,16 September 2022
311,Polygon,7040264369.33,0.806,"8,734,317,475",MATIC,16 September 2022
312,Dai,6834063123.32,1.0,"6,833,254,578",DAI,16 September 2022
313,Shiba Inu,6344519176.46,1.156e-05,"549,063,278,876,302",SHIB,16 September 2022
314,TRON,5661057606.0,0.06129,"92,362,816,707",TRX,16 September 2022
315,Avalanche,5339591172.33,18.06,"295,714,137",AVAX,16 September 2022
316,Wrapped Bitcoin,4914376534.34,19747.74,"248,858",WBTC,16 September 2022
317,Cosmos,4752116674.9,16.59,"286,370,297",ATOM,16 September 2022
318,UNUS SED LEO,4700752185.49,4.93,"953,954,130",LEO,16 September 2022
319,Ethereum Classic,4662071430.94,34.05,"136,912,646",ETC,16 September 2022
320,Bitcoin,385513277844.78,20127.58,"19,153,487",BTC,17 September 2022
321,Ethereum,179913195986.6,1469.74,"122,411,443",ETH,17 September 2022
322,Tether,67930189531.4,1.0,"67,923,548,349",USDT,17 September 2022
323,USD Coin,50212373449.24,1.0,"50,210,783,408",USDC,17 September 2022
324,BNB,45053322422.86,279.25,"161,337,261",BNB,17 September 2022
325,Binance USD,20514799792.56,0.9999,"20,517,253,085",BUSD,17 September 2022
326,XRP,18784590638.59,0.377,"49,826,021,773",XRP,17 September 2022
327,Cardano,16651995880.68,0.4872,"34,182,044,153",ADA,17 September 2022
328,Solana,11947252004.48,33.75,"353,984,493",SOL,17 September 2022
329,Dogecoin,8253483488.19,0.06221,"132,670,764,300",DOGE,17 September 2022
330,Polkadot,7897804208.74,7.06,"1,118,094,755",DOT,17 September 2022
331,Polygon,7244979964.98,0.8295,"8,734,317,475",MATIC,17 September 2022
332,Dai,6835308977.27,1.0,"6,834,236,391",DAI,17 September 2022
333,Shiba Inu,6561214020.29,1.195e-05,"549,063,278,876,302",SHIB,17 September 2022
334,TRON,5753028923.05,0.06229,"92,362,251,185",TRX,17 September 2022
335,Avalanche,5465934085.01,18.48,"295,726,230",AVAX,17 September 2022
336,Wrapped Bitcoin,5005773501.44,20115.0,"248,858",WBTC,17 September 2022
337,UNUS SED LEO,4752153534.46,4.98,"953,954,130",LEO,17 September 2022
338,Ethereum Classic,4714839818.02,34.44,"136,918,211",ETC,17 September 2022
339,Cosmos,4716638642.66,16.47,"286,370,297",ATOM,17 September 2022
340,Bitcoin,371970445843.39,19419.51,"19,154,475",BTC,18 September 2022
341,Ethereum,163478613611.79,1335.33,"122,425,707",ETH,18 September 2022
342,Tether,67925116253.37,1.0,"67,923,548,347",USDT,18 September 2022
343,USD Coin,50190456315.35,1.0,"50,186,584,186",USDC,18 September 2022
344,BNB,42966238264.79,266.31,"161,337,261",BNB,18 September 2022
345,Binance USD,20527981756.14,1.0,"20,517,253,085",BUSD,18 September 2022
346,XRP,17853819362.85,0.3583,"49,826,021,773",XRP,18 September 2022
347,Cardano,15285735911.44,0.4472,"34,182,044,153",ADA,18 September 2022
348,Solana,10998783712.54,31.06,"354,115,753",SOL,18 September 2022
349,Dogecoin,7631164741.49,0.05752,"132,670,764,300",DOGE,18 September 2022
350,Polkadot,7206244607.15,6.45,"1,118,073,007",DOT,18 September 2022
351,Dai,6880542889.86,0.9994,"6,884,906,042",DAI,18 September 2022
352,Polygon,6580625182.11,0.7534,"8,734,317,475",MATIC,18 September 2022
353,Shiba Inu,5832050551.52,1.062e-05,"549,063,278,876,302",SHIB,18 September 2022
354,TRON,5622583149.21,0.06088,"92,361,940,870",TRX,18 September 2022
355,Avalanche,4948268478.12,16.73,"295,729,207",AVAX,18 September 2022
356,Wrapped Bitcoin,4826847895.18,19396.01,"248,858",WBTC,18 September 2022
357,UNUS SED LEO,4440589259.44,4.65,"953,954,130",LEO,18 September 2022
358,Cosmos,4201999328.21,14.67,"286,370,297",ATOM,18 September 2022
359,Uniswap,4172427632.91,5.47,"762,209,327",UNI,18 September 2022
360,Bitcoin,374373522207.38,19544.13,"19,155,293",BTC,19 September 2022
361,Ethereum,168666096121.15,1377.54,"122,439,953",ETH,19 September 2022
362,Tether,67930765402.74,1.0,"67,923,548,347",USDT,19 September 2022
363,USD Coin,50015034269.87,0.9999,"50,021,388,914",USDC,19 September 2022
364,BNB,43894998284.41,272.07,"161,337,261",BNB,19 September 2022
365,Binance USD,20510266959.46,0.9997,"20,517,253,085",BUSD,19 September 2022
366,XRP,19295117861.88,0.3871,"49,848,747,475",XRP,19 September 2022
367,Cardano,15501693540.52,0.4535,"34,182,044,153",ADA,19 September 2022
368,Solana,11568250432.08,32.69,"353,928,191",SOL,19 September 2022
369,Dogecoin,7776109587.48,0.05861,"132,670,764,300",DOGE,19 September 2022
370,Polkadot,7285022884.14,6.4,"1,138,834,519",DOT,19 September 2022
371,Dai,6831651062.35,0.9993,"6,836,113,330",DAI,19 September 2022
372,Polygon,6690823355.02,0.766,"8,734,317,475",MATIC,19 September 2022
373,Shiba Inu,6039140337.31,1.1e-05,"549,063,278,876,302",SHIB,19 September 2022
374,TRON,5572581903.47,0.06034,"92,360,247,632",TRX,19 September 2022
375,Avalanche,5117881890.11,17.3,"295,750,682",AVAX,19 September 2022
376,Wrapped Bitcoin,4864590900.05,19547.68,"248,858",WBTC,19 September 2022
377,Cosmos,4477286970.76,15.63,"286,370,297",ATOM,19 September 2022
378,UNUS SED LEO,4438285705.54,4.65,"953,954,130",LEO,19 September 2022
379,Uniswap,4181991008.49,5.49,"762,209,327",UNI,19 September 2022
380,Bitcoin,361876433047.06,18890.79,"19,156,237",BTC,20 September 2022
381,Ethereum,162176944252.62,1324.39,"122,454,231",ETH,20 September 2022
382,Tether,67927770088.16,1.0,"67,923,668,227",USDT,20 September 2022
383,USD Coin,50213230569.4,0.9999,"50,215,837,599",USDC,20 September 2022
384,BNB,42975342722.63,266.37,"161,337,261",BNB,20 September 2022
385,XRP,20696344827.16,0.4152,"49,848,747,475",XRP,20 September 2022
386,Binance USD,20497275963.12,0.999,"20,517,253,085",BUSD,20 September 2022
387,Cardano,15105002743.81,0.4419,"34,182,044,153",ADA,20 September 2022
388,Solana,11125013748.05,31.43,"353,927,389",SOL,20 September 2022
389,Dogecoin,7750170210.87,0.05842,"132,670,764,300",DOGE,20 September 2022
390,Polkadot,7207125406.17,6.28,"1,147,592,058",DOT,20 September 2022
391,Dai,6874736727.6,0.9995,"6,878,503,178",DAI,20 September 2022
392,Polygon,6404687889.35,0.7333,"8,734,317,475",MATIC,20 September 2022
393,Shiba Inu,5780346200.15,1.053e-05,"549,063,278,876,302",SHIB,20 September 2022
394,TRON,5518279442.56,0.05975,"92,358,647,755",TRX,20 September 2022
395,Avalanche,4929686955.94,16.67,"295,768,247",AVAX,20 September 2022
396,Wrapped Bitcoin,4631122650.26,18886.58,"245,207",WBTC,20 September 2022
397,UNUS SED LEO,4534641720.49,4.75,"953,954,130",LEO,20 September 2022
398,Uniswap,4042236772.12,5.3,"762,209,327",UNI,20 September 2022
399,Cosmos,3990171772.64,13.93,"286,370,297",ATOM,20 September 2022
400,Bitcoin,355314855623.96,18547.4,"19,157,125",BTC,21 September 2022
401,Ethereum,153404799857.84,1252.61,"122,468,337",ETH,21 September 2022
402,Tether,67968428582.21,1.0,"67,962,568,222",USDT,21 September 2022
403,USD Coin,50010199691.32,1.0,"50,004,558,001",USDC,21 September 2022
404,BNB,42720828474.81,264.79,"161,337,261",BNB,21 September 2022
405,Binance USD,20523349894.16,1.0,"20,517,253,085",BUSD,21 September 2022
406,XRP,19781367192.78,0.3968,"49,848,747,475",XRP,21 September 2022
407,Cardano,15079724851.93,0.4412,"34,182,044,153",ADA,21 September 2022
408,Solana,10914413725.92,30.83,"354,060,855",SOL,21 September 2022
409,Dogecoin,7615814270.56,0.0574,"132,670,764,300",DOGE,21 September 2022
410,Dai,6876149457.83,1.0,"6,875,815,820",DAI,21 September 2022
411,Polkadot,6889078956.48,6.16,"1,119,133,368",DOT,21 September 2022
412,Polygon,6150916343.52,0.7042,"8,734,317,475",MATIC,21 September 2022
413,Shiba Inu,5719399827.43,1.042e-05,"549,063,278,876,302",SHIB,21 September 2022
414,TRON,5466959511.54,0.05919,"92,357,115,369",TRX,21 September 2022
415,Avalanche,4916137150.54,16.62,"295,829,993",AVAX,21 September 2022
416,Wrapped Bitcoin,4541477394.59,18520.99,"245,207",WBTC,21 September 2022
417,UNUS SED LEO,4122601007.59,4.32,"953,954,130",LEO,21 September 2022
418,Uniswap,4090128375.24,5.37,"762,209,327",UNI,21 September 2022
419,Cosmos,3854245058.02,13.46,"286,370,297",ATOM,21 September 2022
420,Bitcoin,371923967755.43,19413.55,"19,157,956",BTC,22 September 2022
421,Ethereum,162617761175.92,1327.68,"122,482,635",ETH,22 September 2022
422,Tether,67968530325.41,1.0,"67,969,594,332",USDT,22 September 2022
423,USD Coin,49906300345.75,0.9999,"49,910,312,207",USDC,22 September 2022
424,BNB,44448461252.43,275.5,"161,337,261",BNB,22 September 2022
425,XRP,24181658724.78,0.4851,"49,848,747,475",XRP,22 September 2022
426,Binance USD,20511533464.42,0.9997,"20,517,253,085",BUSD,22 September 2022
427,Cardano,15709058102.27,0.459,"34,227,071,578",ADA,22 September 2022
428,Solana,11489673166.13,32.41,"354,522,115",SOL,22 September 2022
429,Dogecoin,7906993347.73,0.0596,"132,670,764,300",DOGE,22 September 2022
430,Polkadot,7218132236.96,6.45,"1,119,472,990",DOT,22 September 2022
431,Dai,6932384712.94,0.9997,"6,934,563,423",DAI,22 September 2022
432,Polygon,6575468117.21,0.7528,"8,734,317,475",MATIC,22 September 2022
433,Shiba Inu,5960047339.09,1.085e-05,"549,063,278,876,302",SHIB,22 September 2022
434,TRON,5565365787.48,0.06026,"92,355,737,962",TRX,22 September 2022
435,Avalanche,5234078388.68,17.69,"295,863,660",AVAX,22 September 2022
436,Wrapped Bitcoin,4745731135.72,19393.52,"244,707",WBTC,22 September 2022
437,UNUS SED LEO,4683804120.5,4.91,"953,954,130",LEO,22 September 2022
438,Uniswap,4374186563.12,5.74,"762,209,327",UNI,22 September 2022
439,Cosmos,4195284789.38,14.65,"286,370,297",ATOM,22 September 2022
440,Bitcoin,369718966324.75,19297.64,"19,158,768",BTC,23 September 2022
441,Ethereum,162707764850.43,1328.26,"122,496,965",ETH,23 September 2022
442,Tether,67953444671.53,1.0,"67,954,703,168",USDT,23 September 2022
443,USD Coin,49740906430.95,1.0,"49,741,258,322",USDC,23 September 2022
444,BNB,44630120017.99,276.63,"161,337,261",BNB,23 September 2022
445,XRP,25281849965.96,0.5072,"49,848,747,475",XRP,23 September 2022
446,Binance USD,20521006030.2,1.0,"20,517,253,085",BUSD,23 September 2022
447,Cardano,15806751682.96,0.4618,"34,227,044,687",ADA,23 September 2022
448,Solana,11939083169.38,33.68,"354,521,257",SOL,23 September 2022
449,Dogecoin,8402822198.25,0.06334,"132,670,764,300",DOGE,23 September 2022
450,Polkadot,7209385357.75,6.44,"1,119,805,523",DOT,23 September 2022
451,Dai,6981670713.76,1.0,"6,980,800,264",DAI,23 September 2022
452,Polygon,6801499268.02,0.7787,"8,734,317,475",MATIC,23 September 2022
453,Shiba Inu,6081444331.86,1.108e-05,"549,063,278,876,302",SHIB,23 September 2022
454,TRON,5582565735.11,0.06045,"92,354,196,550",TRX,23 September 2022
455,Avalanche,5313759603.04,17.96,"295,870,038",AVAX,23 September 2022
456,Wrapped Bitcoin,4711385754.49,19253.17,"244,707",WBTC,23 September 2022
457,Uniswap,4506487676.03,5.91,"762,209,327",UNI,23 September 2022
458,Cosmos,4073111354.27,14.22,"286,370,297",ATOM,23 September 2022
459,UNUS SED LEO,4056187989.41,4.25,"953,954,130",LEO,23 September 2022
460,Bitcoin,362826506171.96,18937.01,"19,159,650",BTC,24 September 2022
461,Ethereum,161469074852.22,1317.99,"122,511,307",ETH,24 September 2022
462,Tether,67958076847.44,1.0,"67,954,703,169",USDT,24 September 2022
463,USD Coin,49713335644.32,1.0,"49,714,659,693",USDC,24 September 2022
464,BNB,44389589746.58,275.14,"161,337,261",BNB,24 September 2022
465,XRP,24361892063.93,0.4887,"49,848,747,475",XRP,24 September 2022
466,Binance USD,20517400034.73,1.0,"20,517,253,085",BUSD,24 September 2022
467,Cardano,15456926001.25,0.4516,"34,227,046,930",ADA,24 September 2022
468,Solana,11867593382.62,33.46,"354,651,916",SOL,24 September 2022
469,Dogecoin,8389312728.01,0.06323,"132,670,764,300",DOGE,24 September 2022
470,Polkadot,7032633872.06,6.28,"1,120,143,757",DOT,24 September 2022
471,Dai,6928618160.62,0.9996,"6,931,711,734",DAI,24 September 2022
472,Polygon,6587080201.3,0.7542,"8,734,317,475",MATIC,24 September 2022
473,Shiba Inu,6177862514.06,1.125e-05,"549,063,278,876,302",SHIB,24 September 2022
474,TRON,5529331474.48,0.05987,"92,353,494,915",TRX,24 September 2022
475,Avalanche,5214459647.32,17.62,"295,879,445",AVAX,24 September 2022
476,Wrapped Bitcoin,4628337637.04,18913.79,"244,707",WBTC,24 September 2022
477,Uniswap,4422905671.68,5.8,"762,209,327",UNI,24 September 2022
478,UNUS SED LEO,4063147211.66,4.26,"953,954,130",LEO,24 September 2022
479,Ethereum Classic,3936646909.4,28.73,"137,039,801",ETC,24 September 2022
480,Bitcoin,360259346858.06,18802.1,"19,160,593",BTC,25 September 2022
481,Ethereum,158574740489.22,1294.22,"122,525,641",ETH,25 September 2022
482,Tether,67958406853.25,1.0,"67,954,703,169",USDT,25 September 2022
483,USD Coin,49589400501.4,1.0,"49,590,970,990",USDC,25 September 2022
484,BNB,44216290548.63,274.06,"161,337,261",BNB,25 September 2022
485,XRP,24556855663.57,0.4926,"49,848,747,475",XRP,25 September 2022
486,Binance USD,20530509098.27,1.0,"20,517,253,085",BUSD,25 September 2022
487,Cardano,15273923717.7,0.4462,"34,232,058,649",ADA,25 September 2022
488,Solana,11467768425.61,32.34,"354,651,021",SOL,25 September 2022
489,Dogecoin,8113072988.21,0.06115,"132,670,764,300",DOGE,25 September 2022
490,Polkadot,6948259923.1,6.2,"1,120,479,815",DOT,25 September 2022
491,Dai,6928906124.27,0.9998,"6,930,104,611",DAI,25 September 2022
492,Polygon,6465041548.81,0.7402,"8,734,317,475",MATIC,25 September 2022
493,Shiba Inu,6047944320.56,1.102e-05,"549,063,278,876,302",SHIB,25 September 2022
494,TRON,5516020772.38,0.05973,"92,353,275,161",TRX,25 September 2022
495,Avalanche,5128038285.61,17.33,"295,884,274",AVAX,25 September 2022
496,Wrapped Bitcoin,4599096009.5,18794.29,"244,707",WBTC,25 September 2022
497,Uniswap,4324026545.47,5.67,"762,209,327",UNI,25 September 2022
498,Cosmos,4014201600.39,14.02,"286,370,297",ATOM,25 September 2022
499,UNUS SED LEO,3892429897.26,4.08,"953,954,130",LEO,25 September 2022
500,Bitcoin,368335944295.85,19222.67,"19,161,537",BTC,26 September 2022
501,Ethereum,163630053851.66,1335.32,"122,539,933",ETH,26 September 2022
502,Tether,67955303187.66,1.0,"67,956,001,970",USDT,26 September 2022
503,USD Coin,49369158092.96,1.0,"49,361,024,224",USDC,26 September 2022
504,BNB,44517443601.68,275.93,"161,337,261",BNB,26 September 2022
505,XRP,23337442440.17,0.4677,"49,900,666,456",XRP,26 September 2022
506,Binance USD,20512640527.05,0.9998,"20,517,253,085",BUSD,26 September 2022
507,Cardano,15295559862.06,0.4468,"34,236,903,887",ADA,26 September 2022
508,Solana,12020234575.12,33.88,"354,782,715",SOL,26 September 2022
509,Dogecoin,8104729435.31,0.06109,"132,670,764,300",DOGE,26 September 2022
510,Polkadot,7378411455.55,6.55,"1,126,319,965",DOT,26 September 2022
511,Dai,6920883714.81,0.9999,"6,921,794,538",DAI,26 September 2022
512,Polygon,6592258703.31,0.7548,"8,734,317,475",MATIC,26 September 2022
513,Shiba Inu,6102057497.66,1.111e-05,"549,063,278,876,302",SHIB,26 September 2022
514,TRON,5499304150.76,0.05955,"92,351,501,151",TRX,26 September 2022
515,Avalanche,5190636755.15,17.54,"295,896,609",AVAX,26 September 2022
516,Wrapped Bitcoin,4702082596.09,19215.15,"244,707",WBTC,26 September 2022
517,Uniswap,4510139632.11,5.92,"762,209,327",UNI,26 September 2022
518,Cosmos,3979685010.01,13.9,"286,370,297",ATOM,26 September 2022
519,Ethereum Classic,3898947674.15,28.44,"137,073,861",ETC,26 September 2022
520,Bitcoin,366202733264.29,19110.55,"19,162,337",BTC,27 September 2022
521,Ethereum,163012762380.91,1330.13,"122,554,219",ETH,27 September 2022
522,Tether,67954830951.82,1.0,"67,956,206,765",USDT,27 September 2022
523,USD Coin,49212281314.4,1.0,"49,206,247,660",USDC,27 September 2022
524,BNB,43948518789.43,272.4,"161,337,261",BNB,27 September 2022
525,XRP,22394230953.61,0.4488,"49,900,666,456",XRP,27 September 2022
526,Binance USD,21067222315.61,1.0,"21,042,229,623",BUSD,27 September 2022
527,Cardano,15130373751.0,0.4419,"34,240,111,225",ADA,27 September 2022
528,Solana,11619152543.75,32.75,"354,781,887",SOL,27 September 2022
529,Dogecoin,8041040939.71,0.06061,"132,670,764,300",DOGE,27 September 2022
530,Polkadot,7157643488.03,6.38,"1,121,150,276",DOT,27 September 2022
531,Dai,6908077130.6,0.9998,"6,909,366,667",DAI,27 September 2022
532,Polygon,6466943409.46,0.7404,"8,734,317,475",MATIC,27 September 2022
533,Shiba Inu,6108160428.64,1.112e-05,"549,063,278,876,302",SHIB,27 September 2022
534,TRON,5486334285.55,0.05941,"92,347,331,286",TRX,27 September 2022
535,Avalanche,5121386053.31,17.31,"295,902,333",AVAX,27 September 2022
536,Uniswap,4874218390.81,6.39,"762,209,327",UNI,27 September 2022
537,Wrapped Bitcoin,4685608555.03,19108.83,"245,206",WBTC,27 September 2022
538,Chainlink,3969292675.65,8.07,"491,599,970",LINK,27 September 2022
539,UNUS SED LEO,3943055510.38,4.13,"953,954,130",LEO,27 September 2022
540,Bitcoin,372279603227.33,19426.72,"19,163,275",BTC,28 September 2022
541,Ethereum,163924504660.62,1337.41,"122,568,545",ETH,28 September 2022
542,Tether,67954608843.37,1.0,"67,956,206,763",USDT,28 September 2022
543,USD Coin,48878962549.54,1.0,"48,878,425,799",USDC,28 September 2022
544,BNB,45461808207.99,281.78,"161,337,261",BNB,28 September 2022
545,XRP,22488810461.26,0.4507,"49,900,666,456",XRP,28 September 2022
546,Binance USD,21037591069.04,0.9998,"21,042,229,623",BUSD,28 September 2022
547,Cardano,14972857893.74,0.4373,"34,240,092,590",ADA,28 September 2022
548,Solana,11791307083.53,33.24,"354,781,148",SOL,28 September 2022
549,Dogecoin,8042838683.79,0.06062,"132,670,764,300",DOGE,28 September 2022
550,Polkadot,7169186042.58,6.39,"1,121,246,027",DOT,28 September 2022
551,Dai,6859332750.72,0.9994,"6,863,531,863",DAI,28 September 2022
552,Polygon,6527789059.46,0.7474,"8,734,317,475",MATIC,28 September 2022
553,Shiba Inu,6103671736.9,1.112e-05,"549,063,278,876,302",SHIB,28 September 2022
554,TRON,5503288520.21,0.05959,"92,345,222,419",TRX,28 September 2022
555,Avalanche,5106863038.94,17.26,"295,921,590",AVAX,28 September 2022
556,Uniswap,4999949378.59,6.56,"762,209,327",UNI,28 September 2022
557,Wrapped Bitcoin,4765947503.62,19436.47,"245,206",WBTC,28 September 2022
558,UNUS SED LEO,3932870545.59,4.12,"953,954,130",LEO,28 September 2022
559,Chainlink,3841451627.93,7.81,"491,599,970",LINK,28 September 2022
560,Bitcoin,375100872175.06,19573.05,"19,164,150",BTC,29 September 2022
561,Ethereum,163728077712.86,1335.65,"122,582,853",ETH,29 September 2022
562,Tether,67961601505.28,1.0,"67,956,206,763",USDT,29 September 2022
563,USD Coin,48584261459.3,1.0,"48,578,227,324",USDC,29 September 2022
564,BNB,45785742688.12,283.79,"161,337,261",BNB,29 September 2022
565,XRP,24222633572.72,0.4854,"49,900,666,456",XRP,29 September 2022
566,Binance USD,21044432921.15,1.0,"21,042,229,623",BUSD,29 September 2022
567,Cardano,15002962316.64,0.4382,"34,240,067,293",ADA,29 September 2022
568,Solana,12050180083.22,33.95,"354,913,436",SOL,29 September 2022
569,Dogecoin,8056784084.27,0.06073,"132,670,764,300",DOGE,29 September 2022
570,Polkadot,7250289514.97,6.43,"1,127,078,718",DOT,29 September 2022
571,Dai,6874612304.39,1.0,"6,874,026,935",DAI,29 September 2022
572,Polygon,6668772433.82,0.7635,"8,734,317,475",MATIC,29 September 2022
573,Shiba Inu,6105758606.3,1.112e-05,"549,063,278,876,302",SHIB,29 September 2022
574,TRON,5635938393.41,0.06103,"92,343,635,497",TRX,29 September 2022
575,Avalanche,5133911510.9,17.35,"295,925,901",AVAX,29 September 2022
576,Uniswap,4857991848.33,6.37,"762,209,327",UNI,29 September 2022
577,Wrapped Bitcoin,4793396446.39,19548.41,"245,206",WBTC,29 September 2022
578,UNUS SED LEO,4010287177.64,4.2,"953,954,130",LEO,29 September 2022
579,Chainlink,3884215846.24,7.9,"491,599,970",LINK,29 September 2022
580,Bitcoin,372414733487.44,19431.79,"19,165,231",BTC,30 September 2022
581,Ethereum,162806430080.6,1327.98,"122,597,175",ETH,30 September 2022
582,Tether,67959536956.06,1.0,"67,956,206,753",USDT,30 September 2022
583,USD Coin,47377375041.04,1.0,"47,374,231,387",USDC,30 September 2022
584,BNB,45850807478.85,284.19,"161,337,261",BNB,30 September 2022
585,XRP,23941064801.58,0.4798,"49,900,666,456",XRP,30 September 2022
586,Binance USD,21042300498.38,1.0,"21,042,229,623",BUSD,30 September 2022
587,Cardano,14876397351.68,0.4344,"34,244,721,657",ADA,30 September 2022
588,Solana,11787522154.36,33.21,"354,912,814",SOL,30 September 2022
589,Dogecoin,8179518753.23,0.06165,"132,670,764,300",DOGE,30 September 2022
590,Polkadot,7085438248.0,6.32,"1,121,967,578",DOT,30 September 2022
591,Dai,6865249126.6,0.9998,"6,866,498,257",DAI,30 September 2022
592,Polygon,6790462372.76,0.7774,"8,734,317,475",MATIC,30 September 2022
593,Shiba Inu,6213123257.86,1.132e-05,"549,063,278,876,302",SHIB,30 September 2022
594,TRON,5634130069.46,0.06101,"92,341,833,046",TRX,30 September 2022
595,Avalanche,5089442227.99,17.2,"295,963,244",AVAX,30 September 2022
596,Uniswap,4916393296.37,6.45,"762,209,327",UNI,30 September 2022
597,Wrapped Bitcoin,4756996442.68,19427.69,"244,856",WBTC,30 September 2022
598,UNUS SED LEO,3996808452.13,4.19,"953,954,130",LEO,30 September 2022
599,Litecoin,3806393350.21,53.4,"71,284,731",LTC,30 September 2022
600,Bitcoin,385208305831.57,20127.14,"19,138,750",BTC,01 September 2022
601,Ethereum,193834454491.69,1586.18,"122,202,301",ETH,01 September 2022
602,Tether,67551112128.6,1.0,"67,550,404,113",USDT,01 September 2022
603,USD Coin,52026303625.37,1.0,"52,027,528,034",USDC,01 September 2022
604,BNB,44919072541.51,278.42,"161,337,261",BNB,01 September 2022
605,Binance USD,19427080928.18,1.0,"19,418,545,041",BUSD,01 September 2022
606,XRP,16541923560.0,0.3332,"49,646,492,379",XRP,01 September 2022
607,Cardano,15637621559.45,0.4575,"34,182,049,158",ADA,01 September 2022
608,Solana,11045834220.47,31.59,"349,710,214",SOL,01 September 2022
609,Dogecoin,8274909579.98,0.06237,"132,670,764,300",DOGE,01 September 2022
610,Polkadot,7996006410.07,7.19,"1,112,615,133",DOT,01 September 2022
611,Polygon,7687418965.27,0.8854,"8,682,124,704",MATIC,01 September 2022
612,Dai,6977131560.61,0.9998,"6,978,409,005",DAI,01 September 2022
613,Shiba Inu,6753252613.13,1.23e-05,"549,063,278,876,302",SHIB,01 September 2022
614,TRON,5843181764.28,0.06325,"92,381,881,287",TRX,01 September 2022
615,Avalanche,5685198261.06,19.31,"294,466,850",AVAX,01 September 2022
616,UNUS SED LEO,5296429228.34,5.55,"953,954,130",LEO,01 September 2022
617,Wrapped Bitcoin,4980840777.4,20103.48,"247,760",WBTC,01 September 2022
618,Uniswap,4712600948.37,6.32,"745,647,568",UNI,01 September 2022
619,Ethereum Classic,4497661698.41,32.91,"136,646,418",ETC,01 September 2022
620,Bitcoin,382212933183.84,19969.77,"19,139,575",BTC,02 September 2022
621,Ethereum,192760741605.52,1577.22,"122,215,467",ETH,02 September 2022
622,Tether,67556398533.4,1.0,"67,550,404,113",USDT,02 September 2022
623,USD Coin,51758902179.34,1.0,"51,753,684,615",USDC,02 September 2022
624,BNB,44757554222.55,277.42,"161,337,261",BNB,02 September 2022
625,Binance USD,19560016508.94,1.0,"19,555,493,326",BUSD,02 September 2022
626,XRP,16445851060.42,0.3313,"49,646,492,379",XRP,02 September 2022
627,Cardano,15537756338.82,0.4546,"34,182,044,153",ADA,02 September 2022
628,Solana,10920704686.95,31.23,"349,709,512",SOL,02 September 2022
629,Dogecoin,8177162497.1,0.06164,"132,670,764,300",DOGE,02 September 2022
630,Polkadot,8126875221.64,7.3,"1,112,957,784",DOT,02 September 2022
631,Polygon,7570538165.35,0.872,"8,682,124,704",MATIC,02 September 2022
632,Dai,7005646499.26,1.0,"7,004,309,613",DAI,02 September 2022
633,Shiba Inu,6684012898.39,1.217e-05,"549,063,278,876,302",SHIB,02 September 2022
634,TRON,5782379045.35,0.06259,"92,380,266,123",TRX,02 September 2022
635,Avalanche,5553867196.45,18.86,"294,468,787",AVAX,02 September 2022
636,UNUS SED LEO,5149120144.89,5.4,"953,954,130",LEO,02 September 2022
637,Wrapped Bitcoin,4951629315.7,19961.45,"248,060",WBTC,02 September 2022
638,Uniswap,4772217189.41,6.4,"745,490,313",UNI,02 September 2022
639,Ethereum Classic,4437224922.77,32.47,"136,663,869",ETC,02 September 2022
640,Bitcoin,379595440556.6,19832.09,"19,140,468",BTC,03 September 2022
641,Ethereum,190294120192.45,1556.87,"122,228,445",ETH,03 September 2022
642,Tether,67555369461.95,1.0,"67,550,404,113",USDT,03 September 2022
643,USD Coin,51862761777.23,1.0,"51,856,213,560",USDC,03 September 2022
644,BNB,44815551874.48,277.78,"161,337,261",BNB,03 September 2022
645,Binance USD,19556247185.4,1.0,"19,555,493,326",BUSD,03 September 2022
646,Cardano,16420612567.82,0.4804,"34,182,044,153",ADA,03 September 2022
647,XRP,16381795218.55,0.33,"49,646,492,379",XRP,03 September 2022
648,Solana,10879255849.52,31.11,"349,708,669",SOL,03 September 2022
649,Dogecoin,8317606742.02,0.06269,"132,670,764,300",DOGE,03 September 2022
650,Polkadot,8110459660.98,7.29,"1,113,283,427",DOT,03 September 2022
651,Polygon,7720796320.95,0.8893,"8,682,124,704",MATIC,03 September 2022
652,Dai,7005005693.28,1.0,"7,003,405,093",DAI,03 September 2022
653,Shiba Inu,6757780215.98,1.231e-05,"549,063,278,876,302",SHIB,03 September 2022
654,TRON,5830217140.93,0.06311,"92,379,357,383",TRX,03 September 2022
655,Avalanche,5558436753.5,18.88,"294,485,404",AVAX,03 September 2022
656,UNUS SED LEO,4940728187.91,5.18,"953,954,130",LEO,03 September 2022
657,Wrapped Bitcoin,4915214465.61,19814.65,"248,060",WBTC,03 September 2022
658,Uniswap,4701499427.0,6.3,"745,861,024",UNI,03 September 2022
659,Ethereum Classic,4408257266.51,32.25,"136,680,972",ETC,03 September 2022
660,Bitcoin,382576542382.12,19986.71,"19,141,543",BTC,04 September 2022
661,Ethereum,192853381586.06,1577.64,"122,241,565",ETH,04 September 2022
662,Tether,67554552922.52,1.0,"67,550,404,104",USDT,04 September 2022
663,USD Coin,51881772221.08,1.0,"51,876,228,265",USDC,04 September 2022
664,BNB,44987580579.29,278.84,"161,337,261",BNB,04 September 2022
665,Binance USD,19438038369.83,1.0,"19,433,224,173",BUSD,04 September 2022
666,Cardano,17196438526.17,0.5031,"34,182,044,153",ADA,04 September 2022
667,XRP,16472643158.02,0.3318,"49,646,492,379",XRP,04 September 2022
668,Solana,11232288701.59,32.11,"349,839,720",SOL,04 September 2022
669,Dogecoin,8388285911.62,0.06323,"132,670,764,300",DOGE,04 September 2022
670,Polkadot,8207842547.61,7.37,"1,113,617,437",DOT,04 September 2022
671,Polygon,7763819651.46,0.8942,"8,682,124,704",MATIC,04 September 2022
672,Shiba Inu,7043373460.54,1.283e-05,"549,063,278,876,302",SHIB,04 September 2022
673,Dai,6907059654.28,1.0,"6,905,195,194",DAI,04 September 2022
674,TRON,5867913136.97,0.06352,"92,379,037,267",TRX,04 September 2022
675,Avalanche,5596931299.35,19.01,"294,497,822",AVAX,04 September 2022
676,UNUS SED LEO,5016924079.11,5.26,"953,954,130",LEO,04 September 2022
677,Wrapped Bitcoin,4951539645.15,19961.09,"248,060",WBTC,04 September 2022
678,Uniswap,4825206870.83,6.47,"745,861,824",UNI,04 September 2022
679,Ethereum Classic,4436260430.43,32.45,"136,698,172",ETC,04 September 2022
680,Bitcoin,379258182345.45,19812.37,"19,142,493",BTC,05 September 2022
681,Ethereum,197707916935.91,1617.18,"122,254,498",ETH,05 September 2022
682,Tether,67552969301.48,1.0,"67,550,404,104",USDT,05 September 2022
683,USD Coin,51856082836.61,0.9999,"51,862,214,292",USDC,05 September 2022
684,BNB,44639749525.85,276.69,"161,337,261",BNB,05 September 2022
685,Binance USD,19434274304.12,1.0,"19,433,224,173",BUSD,05 September 2022
686,Cardano,17060980151.83,0.4991,"34,182,044,153",ADA,05 September 2022
687,XRP,16530280699.5,0.333,"49,646,492,379",XRP,05 September 2022
688,Solana,11262941461.85,32.19,"349,838,912",SOL,05 September 2022
689,Dogecoin,8323436798.78,0.06274,"132,670,764,300",DOGE,05 September 2022
690,Polkadot,8203561239.14,7.36,"1,113,974,431",DOT,05 September 2022
691,Polygon,7698701432.35,0.8814,"8,734,317,475",MATIC,05 September 2022
692,Shiba Inu,6920911551.45,1.26e-05,"549,063,278,876,302",SHIB,05 September 2022
693,Dai,6905291278.35,1.0,"6,904,017,714",DAI,05 September 2022
694,TRON,5815657736.55,0.06296,"92,377,446,492",TRX,05 September 2022
695,Avalanche,5721389289.48,19.43,"294,514,218",AVAX,05 September 2022
696,Ethereum Classic,5401113795.1,39.51,"136,714,595",ETC,05 September 2022
697,Wrapped Bitcoin,4915917317.44,19817.48,"248,060",WBTC,05 September 2022
698,Uniswap,4915107046.82,6.59,"745,863,424",UNI,05 September 2022
699,UNUS SED LEO,4842937206.52,5.08,"953,954,130",LEO,05 September 2022
700,Bitcoin,360616650169.39,18837.67,"19,143,381",BTC,06 September 2022
701,Ethereum,190949580969.12,1561.75,"122,266,532",ETH,06 September 2022
702,Tether,67549022274.08,1.0,"67,545,704,104",USDT,06 September 2022
703,USD Coin,51591236187.12,0.9999,"51,597,523,288",USDC,06 September 2022
704,BNB,42378199797.19,262.67,"161,337,261",BNB,06 September 2022
705,Binance USD,19729201579.5,1.0,"19,729,690,910",BUSD,06 September 2022
706,XRP,15996480398.32,0.3222,"49,646,492,379",XRP,06 September 2022
707,Cardano,15828529693.52,0.4631,"34,182,044,153",ADA,06 September 2022
708,Solana,10811183863.52,30.89,"349,970,016",SOL,06 September 2022
709,Dogecoin,7825361372.58,0.05898,"132,670,764,300",DOGE,06 September 2022
710,Polkadot,7676259735.09,6.88,"1,115,894,246",DOT,06 September 2022
711,Polygon,7152330046.66,0.8189,"8,734,317,475",MATIC,06 September 2022
712,Dai,6861813679.28,0.9986,"6,871,703,908",DAI,06 September 2022
713,Shiba Inu,6592194985.09,1.201e-05,"549,063,278,876,302",SHIB,06 September 2022
714,TRON,5613123792.23,0.06076,"92,374,922,715",TRX,06 September 2022
715,Avalanche,5369579341.8,18.22,"294,710,284",AVAX,06 September 2022
716,UNUS SED LEO,4904619199.9,5.14,"953,954,130",LEO,06 September 2022
717,Ethereum Classic,4733225678.46,34.62,"136,733,840",ETC,06 September 2022
718,Wrapped Bitcoin,4684581796.32,18854.55,"248,459",WBTC,06 September 2022
719,Uniswap,4362016413.33,5.85,"745,888,480",UNI,06 September 2022
720,Bitcoin,369299496559.03,19290.32,"19,144,287",BTC,07 September 2022
721,Ethereum,199305881389.88,1629.91,"122,280,570",ETH,07 September 2022
722,Tether,67553051342.8,1.0,"67,545,704,103",USDT,07 September 2022
723,USD Coin,51689106056.97,1.0,"51,689,470,351",USDC,07 September 2022
724,BNB,44974585825.42,278.76,"161,337,261",BNB,07 September 2022
725,Binance USD,19710977950.0,1.0,"19,706,930,458",BUSD,07 September 2022
726,XRP,16749087225.86,0.3374,"49,646,492,379",XRP,07 September 2022
727,Cardano,16382850423.84,0.4793,"34,182,044,153",ADA,07 September 2022
728,Solana,11546558098.3,32.71,"352,987,878",SOL,07 September 2022
729,Dogecoin,8106725009.2,0.0611,"132,670,764,300",DOGE,07 September 2022
730,Polkadot,8023576489.07,7.2,"1,114,619,895",DOT,07 September 2022
731,Polygon,7344212740.89,0.8408,"8,734,317,475",MATIC,07 September 2022
732,Dai,6849802213.58,1.0,"6,847,801,265",DAI,07 September 2022
733,Shiba Inu,6731341097.41,1.226e-05,"549,063,278,876,302",SHIB,07 September 2022
734,TRON,5710415758.78,0.06182,"92,373,491,386",TRX,07 September 2022
735,Avalanche,5610716449.79,19.03,"294,792,371",AVAX,07 September 2022
736,Ethereum Classic,5095296245.76,37.26,"136,750,199",ETC,07 September 2022
737,UNUS SED LEO,4895194954.74,5.13,"953,954,130",LEO,07 September 2022
738,Wrapped Bitcoin,4789568024.64,19277.1,"248,459",WBTC,07 September 2022
739,Uniswap,4566693143.9,6.12,"745,890,489",UNI,07 September 2022
740,Bitcoin,370071738762.95,19329.83,"19,145,106",BTC,08 September 2022
741,Ethereum,199992630006.37,1635.35,"122,293,648",ETH,08 September 2022
742,Tether,67552613240.04,1.0,"67,545,704,103",USDT,08 September 2022
743,USD Coin,51678540040.6,0.9999,"51,682,969,548",USDC,08 September 2022
744,BNB,45267601400.06,280.58,"161,337,261",BNB,08 September 2022
745,Binance USD,19912266463.02,0.9999,"19,914,503,967",BUSD,08 September 2022
746,XRP,16891985461.13,0.3402,"49,646,492,379",XRP,08 September 2022
747,Cardano,16382573043.44,0.4793,"34,182,044,153",ADA,08 September 2022
748,Solana,11863418423.12,33.61,"352,987,105",SOL,08 September 2022
749,Polkadot,8240338192.98,7.39,"1,115,001,503",DOT,08 September 2022
750,Dogecoin,8089886556.69,0.06098,"132,670,764,300",DOGE,08 September 2022
751,Polygon,7373628308.2,0.8442,"8,734,317,475",MATIC,08 September 2022
752,Dai,6874987463.92,1.0,"6,874,276,416",DAI,08 September 2022
753,Shiba Inu,6708969181.83,1.222e-05,"549,063,278,876,302",SHIB,08 September 2022
754,Avalanche,5647757971.5,19.12,"295,331,435",AVAX,08 September 2022
755,TRON,5655737659.03,0.06123,"92,372,082,662",TRX,08 September 2022
756,Ethereum Classic,5075416916.52,37.11,"136,768,195",ETC,08 September 2022
757,Wrapped Bitcoin,4808185301.85,19320.97,"248,858",WBTC,08 September 2022
758,UNUS SED LEO,4763449319.3,4.99,"953,954,130",LEO,08 September 2022
759,Uniswap,4603683564.52,6.17,"745,892,089",UNI,08 September 2022
760,Bitcoin,409363809141.15,21381.15,"19,146,012",BTC,09 September 2022
761,Ethereum,210255158289.95,1719.09,"122,306,403",ETH,09 September 2022
762,Tether,67562079308.59,1.0,"67,546,203,603",USDT,09 September 2022
763,USD Coin,51724537122.63,0.9999,"51,727,381,074",USDC,09 September 2022
764,BNB,47337502118.32,293.41,"161,337,261",BNB,09 September 2022
765,Binance USD,20002477850.49,1.0,"20,003,342,405",BUSD,09 September 2022
766,XRP,17813656402.91,0.3575,"49,826,021,773",XRP,09 September 2022
767,Cardano,17190844173.37,0.5029,"34,182,044,153",ADA,09 September 2022
768,Solana,12267250689.14,34.74,"353,118,417",SOL,09 September 2022
769,Polkadot,8667120374.29,7.77,"1,115,335,361",DOT,09 September 2022
770,Dogecoin,8493374187.57,0.06402,"132,670,764,300",DOGE,09 September 2022
771,Polygon,7786715361.1,0.8915,"8,734,317,475",MATIC,09 September 2022
772,Shiba Inu,7108878784.18,1.295e-05,"549,063,278,876,302",SHIB,09 September 2022
773,Dai,6874878324.9,1.0,"6,874,966,326",DAI,09 September 2022
774,Avalanche,6029690458.73,20.4,"295,561,751",AVAX,09 September 2022
775,TRON,5857761226.96,0.06342,"92,370,742,718",TRX,09 September 2022
776,Ethereum Classic,5366935523.78,39.24,"136,784,587",ETC,09 September 2022
777,Wrapped Bitcoin,5317482536.38,21367.51,"248,858",WBTC,09 September 2022
778,Uniswap,4853929447.56,6.51,"745,894,490",UNI,09 September 2022
779,UNUS SED LEO,4745385864.5,4.97,"953,954,130",LEO,09 September 2022
780,Bitcoin,415117548315.38,21680.54,"19,147,012",BTC,10 September 2022
781,Ethereum,217263495408.34,1776.2,"122,319,016",ETH,10 September 2022
782,Tether,67565211592.99,1.0,"67,546,203,603",USDT,10 September 2022
783,USD Coin,51677959746.59,0.9999,"51,685,055,610",USDC,10 September 2022
784,BNB,47912171545.45,296.97,"161,337,261",BNB,10 September 2022
785,Binance USD,20002899535.42,1.0,"20,003,342,405",BUSD,10 September 2022
786,XRP,17821814164.15,0.3577,"49,826,021,773",XRP,10 September 2022
787,Cardano,17515633783.21,0.5124,"34,182,044,153",ADA,10 September 2022
788,Solana,12403867342.36,35.13,"353,117,653",SOL,10 September 2022
789,Polkadot,8686313870.88,7.79,"1,115,671,938",DOT,10 September 2022
790,Dogecoin,8593943121.82,0.06478,"132,670,764,300",DOGE,10 September 2022
791,Polygon,7915008936.15,0.9062,"8,734,317,475",MATIC,10 September 2022
792,Shiba Inu,7297974098.35,1.329e-05,"549,063,278,876,302",SHIB,10 September 2022
793,Dai,6898785652.65,0.9997,"6,900,746,288",DAI,10 September 2022
794,Avalanche,6060267411.15,20.5,"295,658,830",AVAX,10 September 2022
795,TRON,5973489784.56,0.06467,"92,370,674,891",TRX,10 September 2022
796,Wrapped Bitcoin,5396104105.08,21683.44,"248,858",WBTC,10 September 2022
797,Ethereum Classic,5383459094.84,39.35,"136,801,595",ETC,10 September 2022
798,Uniswap,4979530466.64,6.68,"745,895,690",UNI,10 September 2022
799,UNUS SED LEO,4758141295.7,4.99,"953,954,130",LEO,10 September 2022
800,Bitcoin,416840289162.08,21769.26,"19,148,118",BTC,11 September 2022
801,Ethereum,215523920726.08,1761.8,"122,331,659",ETH,11 September 2022
802,Tether,67670904333.26,1.0,"67,652,203,603",USDT,11 September 2022
803,USD Coin,51601695543.86,1.0,"51,604,205,337",USDC,11 September 2022
804,BNB,47620609271.56,295.16,"161,337,261",BNB,11 September 2022
805,Binance USD,20000545579.16,0.9999,"20,003,342,405",BUSD,11 September 2022
806,XRP,17694152749.41,0.3551,"49,826,021,773",XRP,11 September 2022
807,Cardano,17424373509.96,0.5098,"34,182,044,153",ADA,11 September 2022
808,Solana,12352902118.71,34.97,"353,283,628",SOL,11 September 2022
809,Polkadot,8591192714.54,7.7,"1,116,007,262",DOT,11 September 2022
810,Dogecoin,8452981187.22,0.06371,"132,670,764,300",DOGE,11 September 2022
811,Polygon,7813837574.46,0.8946,"8,734,317,475",MATIC,11 September 2022
812,Shiba Inu,7139366303.56,1.3e-05,"549,063,278,876,302",SHIB,11 September 2022
813,Dai,6905721201.05,1.0,"6,904,361,909",DAI,11 September 2022
814,Avalanche,6108060998.97,20.66,"295,663,081",AVAX,11 September 2022
815,TRON,5920754258.74,0.0641,"92,370,658,148",TRX,11 September 2022
816,Wrapped Bitcoin,5408505484.18,21733.27,"248,858",WBTC,11 September 2022
817,Ethereum Classic,5266558381.13,38.49,"136,818,647",ETC,11 September 2022
818,Uniswap,4843933320.19,6.49,"745,895,690",UNI,11 September 2022
819,UNUS SED LEO,4828057845.41,5.06,"953,954,130",LEO,11 September 2022
820,Bitcoin,428373958242.41,22370.45,"19,149,100",BTC,12 September 2022
821,Ethereum,209669571067.84,1713.77,"122,344,397",ETH,12 September 2022
822,Tether,67737997534.69,1.0,"67,724,203,603",USDT,12 September 2022
823,USD Coin,51430360844.23,1.0,"51,429,795,382",USDC,12 September 2022
824,BNB,47378094637.03,293.66,"161,337,261",BNB,12 September 2022
825,Binance USD,20128971377.69,1.0,"20,124,060,214",BUSD,12 September 2022
826,XRP,17909722399.36,0.3594,"49,826,021,773",XRP,12 September 2022
827,Cardano,17143865605.36,0.5015,"34,182,044,153",ADA,12 September 2022
828,Solana,13226280441.43,37.42,"353,415,346",SOL,12 September 2022
829,Polkadot,8554082166.38,7.66,"1,116,451,944",DOT,12 September 2022
830,Dogecoin,8478271266.07,0.0639,"132,670,764,300",DOGE,12 September 2022
831,Polygon,8123022607.11,0.93,"8,734,317,475",MATIC,12 September 2022
832,Shiba Inu,7070122699.38,1.288e-05,"549,063,278,876,302",SHIB,12 September 2022
833,Dai,6890204218.97,0.9998,"6,891,863,452",DAI,12 September 2022
834,Avalanche,6312006912.35,21.35,"295,669,149",AVAX,12 September 2022
835,TRON,5895284486.81,0.06382,"92,369,090,508",TRX,12 September 2022
836,Wrapped Bitcoin,5556837267.62,22329.32,"248,858",WBTC,12 September 2022
837,Ethereum Classic,5251233213.6,38.37,"136,841,881",ETC,12 September 2022
838,Uniswap,5068761412.73,6.65,"762,167,781",UNI,12 September 2022
839,UNUS SED LEO,4805007373.68,5.04,"953,954,130",LEO,12 September 2022
840,Bitcoin,386523635968.98,20184.02,"19,149,981",BTC,13 September 2022
841,Ethereum,192686686469.48,1574.79,"122,357,095",ETH,13 September 2022
842,Tether,67821212699.39,1.0,"67,818,333,473",USDT,13 September 2022
843,USD Coin,51460580886.74,0.9999,"51,464,014,364",USDC,13 September 2022
844,BNB,44756567834.66,277.41,"161,337,261",BNB,13 September 2022
845,Binance USD,20204266513.83,1.0,"20,204,066,515",BUSD,13 September 2022
846,XRP,16589539786.16,0.3329,"49,826,021,773",XRP,13 September 2022
847,Cardano,15858074403.11,0.4639,"34,182,044,153",ADA,13 September 2022
848,Solana,11668423230.22,33.02,"353,414,588",SOL,13 September 2022
849,Dogecoin,7922139697.5,0.05971,"132,670,764,300",DOGE,13 September 2022
850,Polkadot,7902210221.76,7.08,"1,116,795,156",DOT,13 September 2022
851,Polygon,7390604119.82,0.8462,"8,734,317,475",MATIC,13 September 2022
852,Dai,6843362610.73,0.9984,"6,854,139,608",DAI,13 September 2022
853,Shiba Inu,6642722740.22,1.21e-05,"549,063,278,876,302",SHIB,13 September 2022
854,TRON,5609056148.33,0.06073,"92,367,620,375",TRX,13 September 2022
855,Avalanche,5583876691.98,18.89,"295,674,793",AVAX,13 September 2022
856,Wrapped Bitcoin,5016659005.54,20158.7,"248,858",WBTC,13 September 2022
857,Ethereum Classic,4836475282.03,35.34,"136,858,942",ETC,13 September 2022
858,UNUS SED LEO,4723609934.76,4.95,"953,954,130",LEO,13 September 2022
859,Uniswap,4606328777.29,6.04,"762,168,186",UNI,13 September 2022
860,Bitcoin,387631908834.78,20241.09,"19,150,743",BTC,14 September 2022
861,Ethereum,200044200373.75,1634.76,"122,369,526",ETH,14 September 2022
862,Tether,67892953530.34,1.0,"67,883,333,474",USDT,14 September 2022
863,USD Coin,50834222718.81,1.0,"50,832,213,738",USDC,14 September 2022
864,BNB,45075350228.14,279.39,"161,337,261",BNB,14 September 2022
865,Binance USD,20515117482.52,0.9999,"20,517,253,085",BUSD,14 September 2022
866,XRP,17044594426.56,0.3421,"49,826,021,773",XRP,14 September 2022
867,Cardano,16454422063.67,0.4814,"34,182,044,153",ADA,14 September 2022
868,Solana,12062868030.94,34.09,"353,837,270",SOL,14 September 2022
869,Dogecoin,8115822873.22,0.06117,"132,670,764,300",DOGE,14 September 2022
870,Polkadot,8046879731.73,7.2,"1,117,131,532",DOT,14 September 2022
871,Polygon,7553344650.3,0.8648,"8,734,317,475",MATIC,14 September 2022
872,Dai,6833988190.78,1.0,"6,833,191,732",DAI,14 September 2022
873,Shiba Inu,6696948367.06,1.22e-05,"549,063,278,876,302",SHIB,14 September 2022
874,TRON,5690535593.57,0.06161,"92,366,311,948",TRX,14 September 2022
875,Avalanche,5653859992.02,19.12,"295,692,224",AVAX,14 September 2022
876,Ethereum Classic,5382770480.61,39.33,"136,876,164",ETC,14 September 2022
877,Wrapped Bitcoin,5050167740.03,20252.7,"249,358",WBTC,14 September 2022
878,Uniswap,4716715254.1,6.19,"762,208,927",UNI,14 September 2022
879,UNUS SED LEO,4636958476.27,4.86,"953,954,130",LEO,14 September 2022
880,Bitcoin,377311288517.09,19701.21,"19,151,681",BTC,15 September 2022
881,Ethereum,180110291827.77,1471.69,"122,383,023",ETH,15 September 2022
882,Tether,67883668012.0,1.0,"67,883,438,459",USDT,15 September 2022
883,USD Coin,50365831402.49,1.0,"50,357,684,017",USDC,15 September 2022
884,BNB,43691241396.3,270.81,"161,337,261",BNB,15 September 2022
885,Binance USD,20519869893.23,1.0,"20,517,253,085",BUSD,15 September 2022
886,XRP,16259959472.55,0.3263,"49,826,021,773",XRP,15 September 2022
887,Cardano,15916654286.39,0.4656,"34,182,044,153",ADA,15 September 2022
888,Solana,11698209082.79,33.05,"353,979,714",SOL,15 September 2022
889,Dogecoin,7799886203.11,0.05879,"132,670,764,300",DOGE,15 September 2022
890,Polkadot,7740081393.08,6.93,"1,117,451,130",DOT,15 September 2022
891,Polygon,7199690329.07,0.8243,"8,734,317,475",MATIC,15 September 2022
892,Dai,6831512259.31,0.9997,"6,833,601,121",DAI,15 September 2022
893,Shiba Inu,6424992401.52,1.17e-05,"549,063,278,876,302",SHIB,15 September 2022
894,TRON,5657626325.33,0.06125,"92,364,838,019",TRX,15 September 2022
895,Avalanche,5377747289.52,18.19,"295,706,598",AVAX,15 September 2022
896,Wrapped Bitcoin,4912436289.95,19700.36,"249,358",WBTC,15 September 2022
897,Ethereum Classic,4872882956.0,35.59,"136,899,978",ETC,15 September 2022
898,UNUS SED LEO,4658766509.58,4.88,"953,954,130",LEO,15 September 2022
899,Uniswap,4483783771.59,5.88,"762,209,327",UNI,15 September 2022
900,Bitcoin,378693173324.33,19772.58,"19,152,437",BTC,16 September 2022
901,Ethereum,175325880262.72,1432.45,"122,396,005",ETH,16 September 2022
902,Tether,67922151759.85,1.0,"67,923,438,459",USDT,16 September 2022
903,USD Coin,50237341232.62,1.0,"50,231,397,630",USDC,16 September 2022
904,BNB,44312018097.58,274.65,"161,337,261",BNB,16 September 2022
905,Binance USD,20525097933.48,1.0,"20,517,253,085",BUSD,16 September 2022
906,XRP,17772325398.84,0.3567,"49,826,021,773",XRP,16 September 2022
907,Cardano,16206589909.19,0.4741,"34,182,044,153",ADA,16 September 2022
908,Solana,11401260515.46,32.21,"353,979,043",SOL,16 September 2022
909,Dogecoin,8016372777.33,0.06042,"132,670,764,300",DOGE,16 September 2022
910,Polkadot,7708941429.48,6.9,"1,117,749,330",DOT,16 September 2022
911,Polygon,7040264369.33,0.806,"8,734,317,475",MATIC,16 September 2022
912,Dai,6834063123.32,1.0,"6,833,254,578",DAI,16 September 2022
913,Shiba Inu,6344519176.46,1.156e-05,"549,063,278,876,302",SHIB,16 September 2022
914,TRON,5661057606.0,0.06129,"92,362,816,707",TRX,16 September 2022
915,Avalanche,5339591172.33,18.06,"295,714,137",AVAX,16 September 2022
916,Wrapped Bitcoin,4914376534.34,19747.74,"248,858",WBTC,16 September 2022
917,Cosmos,4752116674.9,16.59,"286,370,297",ATOM,16 September 2022
918,UNUS SED LEO,4700752185.49,4.93,"953,954,130",LEO,16 September 2022
919,Ethereum Classic,4662071430.94,34.05,"136,912,646",ETC,16 September 2022
920,Bitcoin,385513277844.78,20127.58,"19,153,487",BTC,17 September 2022
921,Ethereum,179913195986.6,1469.74,"122,411,443",ETH,17 September 2022
922,Tether,67930189531.4,1.0,"67,923,548,349",USDT,17 September 2022
923,USD Coin,50212373449.24,1.0,"50,210,783,408",USDC,17 September 2022
924,BNB,45053322422.86,279.25,"161,337,261",BNB,17 September 2022
925,Binance USD,20514799792.56,0.9999,"20,517,253,085",BUSD,17 September 2022
926,XRP,18784590638.59,0.377,"49,826,021,773",XRP,17 September 2022
927,Cardano,16651995880.68,0.4872,"34,182,044,153",ADA,17 September 2022
928,Solana,11947252004.48,33.75,"353,984,493",SOL,17 September 2022
929,Dogecoin,8253483488.19,0.06221,"132,670,764,300",DOGE,17 September 2022
930,Polkadot,7897804208.74,7.06,"1,118,094,755",DOT,17 September 2022
931,Polygon,7244979964.98,0.8295,"8,734,317,475",MATIC,17 September 2022
932,Dai,6835308977.27,1.0,"6,834,236,391",DAI,17 September 2022
933,Shiba Inu,6561214020.29,1.195e-05,"549,063,278,876,302",SHIB,17 September 2022
934,TRON,5753028923.05,0.06229,"92,362,251,185",TRX,17 September 2022
935,Avalanche,5465934085.01,18.48,"295,726,230",AVAX,17 September 2022
936,Wrapped Bitcoin,5005773501.44,20115.0,"248,858",WBTC,17 September 2022
937,UNUS SED LEO,4752153534.46,4.98,"953,954,130",LEO,17 September 2022
938,Ethereum Classic,4714839818.02,34.44,"136,918,211",ETC,17 September 2022
939,Cosmos,4716638642.66,16.47,"286,370,297",ATOM,17 September 2022
940,Bitcoin,371970445843.39,19419.51,"19,154,475",BTC,18 September 2022
941,Ethereum,163478613611.79,1335.33,"122,425,707",ETH,18 September 2022
942,Tether,67925116253.37,1.0,"67,923,548,347",USDT,18 September 2022
943,USD Coin,50190456315.35,1.0,"50,186,584,186",USDC,18 September 2022
944,BNB,42966238264.79,266.31,"161,337,261",BNB,18 September 2022
945,Binance USD,20527981756.14,1.0,"20,517,253,085",BUSD,18 September 2022
946,XRP,17853819362.85,0.3583,"49,826,021,773",XRP,18 September 2022
947,Cardano,15285735911.44,0.4472,"34,182,044,153",ADA,18 September 2022
948,Solana,10998783712.54,31.06,"354,115,753",SOL,18 September 2022
949,Dogecoin,7631164741.49,0.05752,"132,670,764,300",DOGE,18 September 2022
950,Polkadot,7206244607.15,6.45,"1,118,073,007",DOT,18 September 2022
951,Dai,6880542889.86,0.9994,"6,884,906,042",DAI,18 September 2022
952,Polygon,6580625182.11,0.7534,"8,734,317,475",MATIC,18 September 2022
953,Shiba Inu,5832050551.52,1.062e-05,"549,063,278,876,302",SHIB,18 September 2022
954,TRON,5622583149.21,0.06088,"92,361,940,870",TRX,18 September 2022
955,Avalanche,4948268478.12,16.73,"295,729,207",AVAX,18 September 2022
956,Wrapped Bitcoin,4826847895.18,19396.01,"248,858",WBTC,18 September 2022
957,UNUS SED LEO,4440589259.44,4.65,"953,954,130",LEO,18 September 2022
958,Cosmos,4201999328.21,14.67,"286,370,297",ATOM,18 September 2022
959,Uniswap,4172427632.91,5.47,"762,209,327",UNI,18 September 2022
960,Bitcoin,374373522207.38,19544.13,"19,155,293",BTC,19 September 2022
961,Ethereum,168666096121.15,1377.54,"122,439,953",ETH,19 September 2022
962,Tether,67930765402.74,1.0,"67,923,548,347",USDT,19 September 2022
963,USD Coin,50015034269.87,0.9999,"50,021,388,914",USDC,19 September 2022
964,BNB,43894998284.41,272.07,"161,337,261",BNB,19 September 2022
965,Binance USD,20510266959.46,0.9997,"20,517,253,085",BUSD,19 September 2022
966,XRP,19295117861.88,0.3871,"49,848,747,475",XRP,19 September 2022
967,Cardano,15501693540.52,0.4535,"34,182,044,153",ADA,19 September 2022
968,Solana,11568250432.08,32.69,"353,928,191",SOL,19 September 2022
969,Dogecoin,7776109587.48,0.05861,"132,670,764,300",DOGE,19 September 2022
970,Polkadot,7285022884.14,6.4,"1,138,834,519",DOT,19 September 2022
971,Dai,6831651062.35,0.9993,"6,836,113,330",DAI,19 September 2022
972,Polygon,6690823355.02,0.766,"8,734,317,475",MATIC,19 September 2022
973,Shiba Inu,6039140337.31,1.1e-05,"549,063,278,876,302",SHIB,19 September 2022
974,TRON,5572581903.47,0.06034,"92,360,247,632",TRX,19 September 2022
975,Avalanche,5117881890.11,17.3,"295,750,682",AVAX,19 September 2022
976,Wrapped Bitcoin,4864590900.05,19547.68,"248,858",WBTC,19 September 2022
977,Cosmos,4477286970.76,15.63,"286,370,297",ATOM,19 September 2022
978,UNUS SED LEO,4438285705.54,4.65,"953,954,130",LEO,19 September 2022
979,Uniswap,4181991008.49,5.49,"762,209,327",UNI,19 September 2022
980,Bitcoin,361876433047.06,18890.79,"19,156,237",BTC,20 September 2022
981,Ethereum,162176944252.62,1324.39,"122,454,231",ETH,20 September 2022
982,Tether,67927770088.16,1.0,"67,923,668,227",USDT,20 September 2022
983,USD Coin,50213230569.4,0.9999,"50,215,837,599",USDC,20 September 2022
984,BNB,42975342722.63,266.37,"161,337,261",BNB,20 September 2022
985,XRP,20696344827.16,0.4152,"49,848,747,475",XRP,20 September 2022
986,Binance USD,20497275963.12,0.999,"20,517,253,085",BUSD,20 September 2022
987,Cardano,15105002743.81,0.4419,"34,182,044,153",ADA,20 September 2022
988,Solana,11125013748.05,31.43,"353,927,389",SOL,20 September 2022
989,Dogecoin,7750170210.87,0.05842,"132,670,764,300",DOGE,20 September 2022
990,Polkadot,7207125406.17,6.28,"1,147,592,058",DOT,20 September 2022
991,Dai,6874736727.6,0.9995,"6,878,503,178",DAI,20 September 2022
992,Polygon,6404687889.35,0.7333,"8,734,317,475",MATIC,20 September 2022
993,Shiba Inu,5780346200.15,1.053e-05,"549,063,278,876,302",SHIB,20 September 2022
994,TRON,5518279442.56,0.05975,"92,358,647,755",TRX,20 September 2022
995,Avalanche,4929686955.94,16.67,"295,768,247",AVAX,20 September 2022
996,Wrapped Bitcoin,4631122650.26,18886.58,"245,207",WBTC,20 September 2022
997,UNUS SED LEO,4534641720.49,4.75,"953,954,130",LEO,20 September 2022
998,Uniswap,4042236772.12,5.3,"762,209,327",UNI,20 September 2022
999,Cosmos,3990171772.64,13.93,"286,370,297",ATOM,20 September 2022
1000,Bitcoin,355314855623.96,18547.4,"19,157,125",BTC,21 September 2022
1001,Ethereum,153404799857.84,1252.61,"122,468,337",ETH,21 September 2022
1002,Tether,67968428582.21,1.0,"67,962,568,222",USDT,21 September 2022
1003,USD Coin,50010199691.32,1.0,"50,004,558,001",USDC,21 September 2022
1004,BNB,42720828474.81,264.79,"161,337,261",BNB,21 September 2022
1005,Binance USD,20523349894.16,1.0,"20,517,253,085",BUSD,21 September 2022
1006,XRP,19781367192.78,0.3968,"49,848,747,475",XRP,21 September 2022
1007,Cardano,15079724851.93,0.4412,"34,182,044,153",ADA,21 September 2022
1008,Solana,10914413725.92,30.83,"354,060,855",SOL,21 September 2022
1009,Dogecoin,7615814270.56,0.0574,"132,670,764,300",DOGE,21 September 2022
1010,Dai,6876149457.83,1.0,"6,875,815,820",DAI,21 September 2022
1011,Polkadot,6889078956.48,6.16,"1,119,133,368",DOT,21 September 2022
1012,Polygon,6150916343.52,0.7042,"8,734,317,475",MATIC,21 September 2022
1013,Shiba Inu,5719399827.43,1.042e-05,"549,063,278,876,302",SHIB,21 September 2022
1014,TRON,5466959511.54,0.05919,"92,357,115,369",TRX,21 September 2022
1015,Avalanche,4916137150.54,16.62,"295,829,993",AVAX,21 September 2022
1016,Wrapped Bitcoin,4541477394.59,18520.99,"245,207",WBTC,21 September 2022
1017,UNUS SED LEO,4122601007.59,4.32,"953,954,130",LEO,21 September 2022
1018,Uniswap,4090128375.24,5.37,"762,209,327",UNI,21 September 2022
1019,Cosmos,3854245058.02,13.46,"286,370,297",ATOM,21 September 2022
1020,Bitcoin,371923967755.43,19413.55,"19,157,956",BTC,22 September 2022
1021,Ethereum,162617761175.92,1327.68,"122,482,635",ETH,22 September 2022
1022,Tether,67968530325.41,1.0,"67,969,594,332",USDT,22 September 2022
1023,USD Coin,49906300345.75,0.9999,"49,910,312,207",USDC,22 September 2022
1024,BNB,44448461252.43,275.5,"161,337,261",BNB,22 September 2022
1025,XRP,24181658724.78,0.4851,"49,848,747,475",XRP,22 September 2022
1026,Binance USD,20511533464.42,0.9997,"20,517,253,085",BUSD,22 September 2022
1027,Cardano,15709058102.27,0.459,"34,227,071,578",ADA,22 September 2022
1028,Solana,11489673166.13,32.41,"354,522,115",SOL,22 September 2022
1029,Dogecoin,7906993347.73,0.0596,"132,670,764,300",DOGE,22 September 2022
1030,Polkadot,7218132236.96,6.45,"1,119,472,990",DOT,22 September 2022
1031,Dai,6932384712.94,0.9997,"6,934,563,423",DAI,22 September 2022
1032,Polygon,6575468117.21,0.7528,"8,734,317,475",MATIC,22 September 2022
1033,Shiba Inu,5960047339.09,1.085e-05,"549,063,278,876,302",SHIB,22 September 2022
1034,TRON,5565365787.48,0.06026,"92,355,737,962",TRX,22 September 2022
1035,Avalanche,5234078388.68,17.69,"295,863,660",AVAX,22 September 2022
1036,Wrapped Bitcoin,4745731135.72,19393.52,"244,707",WBTC,22 September 2022
1037,UNUS SED LEO,4683804120.5,4.91,"953,954,130",LEO,22 September 2022
1038,Uniswap,4374186563.12,5.74,"762,209,327",UNI,22 September 2022
1039,Cosmos,4195284789.38,14.65,"286,370,297",ATOM,22 September 2022
1040,Bitcoin,369718966324.75,19297.64,"19,158,768",BTC,23 September 2022
1041,Ethereum,162707764850.43,1328.26,"122,496,965",ETH,23 September 2022
1042,Tether,67953444671.53,1.0,"67,954,703,168",USDT,23 September 2022
1043,USD Coin,49740906430.95,1.0,"49,741,258,322",USDC,23 September 2022
1044,BNB,44630120017.99,276.63,"161,337,261",BNB,23 September 2022
1045,XRP,25281849965.96,0.5072,"49,848,747,475",XRP,23 September 2022
1046,Binance USD,20521006030.2,1.0,"20,517,253,085",BUSD,23 September 2022
1047,Cardano,15806751682.96,0.4618,"34,227,044,687",ADA,23 September 2022
1048,Solana,11939083169.38,33.68,"354,521,257",SOL,23 September 2022
1049,Dogecoin,8402822198.25,0.06334,"132,670,764,300",DOGE,23 September 2022
1050,Polkadot,7209385357.75,6.44,"1,119,805,523",DOT,23 September 2022
1051,Dai,6981670713.76,1.0,"6,980,800,264",DAI,23 September 2022
1052,Polygon,6801499268.02,0.7787,"8,734,317,475",MATIC,23 September 2022
1053,Shiba Inu,6081444331.86,1.108e-05,"549,063,278,876,302",SHIB,23 September 2022
1054,TRON,5582565735.11,0.06045,"92,354,196,550",TRX,23 September 2022
1055,Avalanche,5313759603.04,17.96,"295,870,038",AVAX,23 September 2022
1056,Wrapped Bitcoin,4711385754.49,19253.17,"244,707",WBTC,23 September 2022
1057,Uniswap,4506487676.03,5.91,"762,209,327",UNI,23 September 2022
1058,Cosmos,4073111354.27,14.22,"286,370,297",ATOM,23 September 2022
1059,UNUS SED LEO,4056187989.41,4.25,"953,954,130",LEO,23 September 2022
1060,Bitcoin,362826506171.96,18937.01,"19,159,650",BTC,24 September 2022
1061,Ethereum,161469074852.22,1317.99,"122,511,307",ETH,24 September 2022
1062,Tether,67958076847.44,1.0,"67,954,703,169",USDT,24 September 2022
1063,USD Coin,49713335644.32,1.0,"49,714,659,693",USDC,24 September 2022
1064,BNB,44389589746.58,275.14,"161,337,261",BNB,24 September 2022
1065,XRP,24361892063.93,0.4887,"49,848,747,475",XRP,24 September 2022
1066,Binance USD,20517400034.73,1.0,"20,517,253,085",BUSD,24 September 2022
1067,Cardano,15456926001.25,0.4516,"34,227,046,930",ADA,24 September 2022
1068,Solana,11867593382.62,33.46,"354,651,916",SOL,24 September 2022
1069,Dogecoin,8389312728.01,0.06323,"132,670,764,300",DOGE,24 September 2022
1070,Polkadot,7032633872.06,6.28,"1,120,143,757",DOT,24 September 2022
1071,Dai,6928618160.62,0.9996,"6,931,711,734",DAI,24 September 2022
1072,Polygon,6587080201.3,0.7542,"8,734,317,475",MATIC,24 September 2022
1073,Shiba Inu,6177862514.06,1.125e-05,"549,063,278,876,302",SHIB,24 September 2022
1074,TRON,5529331474.48,0.05987,"92,353,494,915",TRX,24 September 2022
1075,Avalanche,5214459647.32,17.62,"295,879,445",AVAX,24 September 2022
1076,Wrapped Bitcoin,4628337637.04,18913.79,"244,707",WBTC,24 September 2022
1077,Uniswap,4422905671.68,5.8,"762,209,327",UNI,24 September 2022
1078,UNUS SED LEO,4063147211.66,4.26,"953,954,130",LEO,24 September 2022
1079,Ethereum Classic,3936646909.4,28.73,"137,039,801",ETC,24 September 2022
1080,Bitcoin,360259346858.06,18802.1,"19,160,593",BTC,25 September 2022
1081,Ethereum,158574740489.22,1294.22,"122,525,641",ETH,25 September 2022
1082,Tether,67958406853.25,1.0,"67,954,703,169",USDT,25 September 2022
1083,USD Coin,49589400501.4,1.0,"49,590,970,990",USDC,25 September 2022
1084,BNB,44216290548.63,274.06,"161,337,261",BNB,25 September 2022
1085,XRP,24556855663.57,0.4926,"49,848,747,475",XRP,25 September 2022
1086,Binance USD,20530509098.27,1.0,"20,517,253,085",BUSD,25 September 2022
1087,Cardano,15273923717.7,0.4462,"34,232,058,649",ADA,25 September 2022
1088,Solana,11467768425.61,32.34,"354,651,021",SOL,25 September 2022
1089,Dogecoin,8113072988.21,0.06115,"132,670,764,300",DOGE,25 September 2022
1090,Polkadot,6948259923.1,6.2,"1,120,479,815",DOT,25 September 2022
1091,Dai,6928906124.27,0.9998,"6,930,104,611",DAI,25 September 2022
1092,Polygon,6465041548.81,0.7402,"8,734,317,475",MATIC,25 September 2022
1093,Shiba Inu,6047944320.56,1.102e-05,"549,063,278,876,302",SHIB,25 September 2022
1094,TRON,5516020772.38,0.05973,"92,353,275,161",TRX,25 September 2022
1095,Avalanche,5128038285.61,17.33,"295,884,274",AVAX,25 September 2022
1096,Wrapped Bitcoin,4599096009.5,18794.29,"244,707",WBTC,25 September 2022
1097,Uniswap,4324026545.47,5.67,"762,209,327",UNI,25 September 2022
1098,Cosmos,4014201600.39,14.02,"286,370,297",ATOM,25 September 2022
1099,UNUS SED LEO,3892429897.26,4.08,"953,954,130",LEO,25 September 2022
1100,Bitcoin,368335944295.85,19222.67,"19,161,537",BTC,26 September 2022
1101,Ethereum,163630053851.66,1335.32,"122,539,933",ETH,26 September 2022
1102,Tether,67955303187.66,1.0,"67,956,001,970",USDT,26 September 2022
1103,USD Coin,49369158092.96,1.0,"49,361,024,224",USDC,26 September 2022
1104,BNB,44517443601.68,275.93,"161,337,261",BNB,26 September 2022
1105,XRP,23337442440.17,0.4677,"49,900,666,456",XRP,26 September 2022
1106,Binance USD,20512640527.05,0.9998,"20,517,253,085",BUSD,26 September 2022
1107,Cardano,15295559862.06,0.4468,"34,236,903,887",ADA,26 September 2022
1108,Solana,12020234575.12,33.88,"354,782,715",SOL,26 September 2022
1109,Dogecoin,8104729435.31,0.06109,"132,670,764,300",DOGE,26 September 2022
1110,Polkadot,7378411455.55,6.55,"1,126,319,965",DOT,26 September 2022
1111,Dai,6920883714.81,0.9999,"6,921,794,538",DAI,26 September 2022
1112,Polygon,6592258703.31,0.7548,"8,734,317,475",MATIC,26 September 2022
1113,Shiba Inu,6102057497.66,1.111e-05,"549,063,278,876,302",SHIB,26 September 2022
1114,TRON,5499304150.76,0.05955,"92,351,501,151",TRX,26 September 2022
1115,Avalanche,5190636755.15,17.54,"295,896,609",AVAX,26 September 2022
1116,Wrapped Bitcoin,4702082596.09,19215.15,"244,707",WBTC,26 September 2022
1117,Uniswap,4510139632.11,5.92,"762,209,327",UNI,26 September 2022
1118,Cosmos,3979685010.01,13.9,"286,370,297",ATOM,26 September 2022
1119,Ethereum Classic,3898947674.15,28.44,"137,073,861",ETC,26 September 2022
1120,Bitcoin,366202733264.29,19110.55,"19,162,337",BTC,27 September 2022
1121,Ethereum,163012762380.91,1330.13,"122,554,219",ETH,27 September 2022
1122,Tether,67954830951.82,1.0,"67,956,206,765",USDT,27 September 2022
1123,USD Coin,49212281314.4,1.0,"49,206,247,660",USDC,27 September 2022
1124,BNB,43948518789.43,272.4,"161,337,261",BNB,27 September 2022
1125,XRP,22394230953.61,0.4488,"49,900,666,456",XRP,27 September 2022
1126,Binance USD,21067222315.61,1.0,"21,042,229,623",BUSD,27 September 2022
1127,Cardano,15130373751.0,0.4419,"34,240,111,225",ADA,27 September 2022
1128,Solana,11619152543.75,32.75,"354,781,887",SOL,27 September 2022
1129,Dogecoin,8041040939.71,0.06061,"132,670,764,300",DOGE,27 September 2022
1130,Polkadot,7157643488.03,6.38,"1,121,150,276",DOT,27 September 2022
1131,Dai,6908077130.6,0.9998,"6,909,366,667",DAI,27 September 2022
1132,Polygon,6466943409.46,0.7404,"8,734,317,475",MATIC,27 September 2022
1133,Shiba Inu,6108160428.64,1.112e-05,"549,063,278,876,302",SHIB,27 September 2022
1134,TRON,5486334285.55,0.05941,"92,347,331,286",TRX,27 September 2022
1135,Avalanche,5121386053.31,17.31,"295,902,333",AVAX,27 September 2022
1136,Uniswap,4874218390.81,6.39,"762,209,327",UNI,27 September 2022
1137,Wrapped Bitcoin,4685608555.03,19108.83,"245,206",WBTC,27 September 2022
1138,Chainlink,3969292675.65,8.07,"491,599,970",LINK,27 September 2022
1139,UNUS SED LEO,3943055510.38,4.13,"953,954,130",LEO,27 September 2022
1140,Bitcoin,372279603227.33,19426.72,"19,163,275",BTC,28 September 2022
1141,Ethereum,163924504660.62,1337.41,"122,568,545",ETH,28 September 2022
1142,Tether,67954608843.37,1.0,"67,956,206,763",USDT,28 September 2022
1143,USD Coin,48878962549.54,1.0,"48,878,425,799",USDC,28 September 2022
1144,BNB,45461808207.99,281.78,"161,337,261",BNB,28 September 2022
1145,XRP,22488810461.26,0.4507,"49,900,666,456",XRP,28 September 2022
1146,Binance USD,21037591069.04,0.9998,"21,042,229,623",BUSD,28 September 2022
1147,Cardano,14972857893.74,0.4373,"34,240,092,590",ADA,28 September 2022
1148,Solana,11791307083.53,33.24,"354,781,148",SOL,28 September 2022
1149,Dogecoin,8042838683.79,0.06062,"132,670,764,300",DOGE,28 September 2022
1150,Polkadot,7169186042.58,6.39,"1,121,246,027",DOT,28 September 2022
1151,Dai,6859332750.72,0.9994,"6,863,531,863",DAI,28 September 2022
1152,Polygon,6527789059.46,0.7474,"8,734,317,475",MATIC,28 September 2022
1153,Shiba Inu,6103671736.9,1.112e-05,"549,063,278,876,302",SHIB,28 September 2022
1154,TRON,5503288520.21,0.05959,"92,345,222,419",TRX,28 September 2022
1155,Avalanche,5106863038.94,17.26,"295,921,590",AVAX,28 September 2022
1156,Uniswap,4999949378.59,6.56,"762,209,327",UNI,28 September 2022
1157,Wrapped Bitcoin,4765947503.62,19436.47,"245,206",WBTC,28 September 2022
1158,UNUS SED LEO,3932870545.59,4.12,"953,954,130",LEO,28 September 2022
1159,Chainlink,3841451627.93,7.81,"491,599,970",LINK,28 September 2022
1160,Bitcoin,375100872175.06,19573.05,"19,164,150",BTC,29 September 2022
1161,Ethereum,163728077712.86,1335.65,"122,582,853",ETH,29 September 2022
1162,Tether,67961601505.28,1.0,"67,956,206,763",USDT,29 September 2022
1163,USD Coin,48584261459.3,1.0,"48,578,227,324",USDC,29 September 2022
1164,BNB,45785742688.12,283.79,"161,337,261",BNB,29 September 2022
1165,XRP,24222633572.72,0.4854,"49,900,666,456",XRP,29 September 2022
1166,Binance USD,21044432921.15,1.0,"21,042,229,623",BUSD,29 September 2022
1167,Cardano,15002962316.64,0.4382,"34,240,067,293",ADA,29 September 2022
1168,Solana,12050180083.22,33.95,"354,913,436",SOL,29 September 2022
1169,Dogecoin,8056784084.27,0.06073,"132,670,764,300",DOGE,29 September 2022
1170,Polkadot,7250289514.97,6.43,"1,127,078,718",DOT,29 September 2022
1171,Dai,6874612304.39,1.0,"6,874,026,935",DAI,29 September 2022
1172,Polygon,6668772433.82,0.7635,"8,734,317,475",MATIC,29 September 2022
1173,Shiba Inu,6105758606.3,1.112e-05,"549,063,278,876,302",SHIB,29 September 2022
1174,TRON,5635938393.41,0.06103,"92,343,635,497",TRX,29 September 2022
1175,Avalanche,5133911510.9,17.35,"295,925,901",AVAX,29 September 2022
1176,Uniswap,4857991848.33,6.37,"762,209,327",UNI,29 September 2022
1177,Wrapped Bitcoin,4793396446.39,19548.41,"245,206",WBTC,29 September 2022
1178,UNUS SED LEO,4010287177.64,4.2,"953,954,130",LEO,29 September 2022
1179,Chainlink,3884215846.24,7.9,"491,599,970",LINK,29 September 2022
1180,Bitcoin,372414733487.44,19431.79,"19,165,231",BTC,30 September 2022
1181,Ethereum,162806430080.6,1327.98,"122,597,175",ETH,30 September 2022
1182,Tether,67959536956.06,1.0,"67,956,206,753",USDT,30 September 2022
1183,USD Coin,47377375041.04,1.0,"47,374,231,387",USDC,30 September 2022
1184,BNB,45850807478.85,284.19,"161,337,261",BNB,30 September 2022
1185,XRP,23941064801.58,0.4798,"49,900,666,456",XRP,30 September 2022
1186,Binance USD,21042300498.38,1.0,"21,042,229,623",BUSD,30 September 2022
1187,Cardano,14876397351.68,0.4344,"34,244,721,657",ADA,30 September 2022
1188,Solana,11787522154.36,33.21,"354,912,814",SOL,30 September 2022
1189,Dogecoin,8179518753.23,0.06165,"132,670,764,300",DOGE,30 September 2022
1190,Polkadot,7085438248.0,6.32,"1,121,967,578",DOT,30 September 2022
1191,Dai,6865249126.6,0.9998,"6,866,498,257",DAI,30 September 2022
1192,Polygon,6790462372.76,0.7774,"8,734,317,475",MATIC,30 September 2022
1193,Shiba Inu,6213123257.86,1.132e-05,"549,063,278,876,302",SHIB,30 September 2022
1194,TRON,5634130069.46,0.06101,"92,341,833,046",TRX,30 September 2022
1195,Avalanche,5089442227.99,17.2,"295,963,244",AVAX,30 September 2022
1196,Uniswap,4916393296.37,6.45,"762,209,327",UNI,30 September 2022
1197,Wrapped Bitcoin,4756996442.68,19427.69,"244,856",WBTC,30 September 2022
1198,UNUS SED LEO,3996808452.13,4.19,"953,954,130",LEO,30 September 2022
1199,Litecoin,3806393350.21,53.4,"71,284,731",LTC,30 September 2022
